,环境温度[°C],变浆电机1温度[°C],变浆电机2温度[°C],变浆电机3温度[°C],变浆电机1扭矩[Nm],变浆电机2扭矩[Nm],变浆电机3扭矩[Nm],有功功率[kW],1秒平均风速[m/s],叶片1角度[°],发电机平均转速[rpm]
910,4.06,45.87,44.06,48.42,12.39,12.56,13.12,1.15501,13.56,12.41,1797.92
1617,5.17,45.59,43.19,49.88,12.98,12.38,13.23,1.19001,13.12,13.62,1690.58
1618,5.27,43.88,41.1,47.99,12.01,11.45,13.62,0.87497,13.67,21.95,1486.37
1621,5.21,43.66,40.83,47.98,14.07,13.35,14.6,1.53094,13.27,11.29,1796.71
1622,5.33,42.52,39.37,46.74,12.83,11.98,13.36,1.3278,13.31,13.57,1733.81
1623,5.52,41.6,38.2,46.11,13.55,12.57,13.86,1.51868,13.78,12.55,1796.09
1624,5.24,41.62,38.41,46.2,14.29,13.65,15.12,1.44585,13.14,10.38,1768.55
1884,6.98,36.46,36.41,42.83,14.8,15.27,16.03,1.52807,13.07,8.78,1797.76
1886,7.64,37.46,36.91,43.37,14.55,14.32,15.28,1.53139,13.48,9.84,1797.26
1887,7.8,37.28,36.4,43.01,12.29,12.12,13.41,1.29988,14.49,15.12,1726.95
1888,8,37.3,36.32,43.04,13.15,12.85,14.3,1.37915,14.02,12.77,1750.58
1889,8.29,37.49,36.36,43.27,13.98,13.59,14.92,1.53091,14.11,10.42,1796.75
1890,8.43,38.06,36.77,43.73,12.8,12.11,13.67,1.28018,13.18,13.1,1722.21
1915,8.46,44.44,43.35,47.98,14.56,14.49,15.51,1.53178,13.78,9.6,1797.43
1917,7.39,46,43.73,49.72,14.88,14.31,15.34,1.527,13.37,9.34,1798.03
1918,7.16,45.96,43.23,48.99,14.92,14.26,15.25,1.52576,13.16,9.2,1797.62
1921,6.92,46.95,43.92,49.94,15.14,14.53,15.19,1.52613,13.65,9.73,1797.59
1922,7,46.94,43.5,49.26,15.04,13.74,14.61,1.52585,14.12,10.99,1797.15
1936,5.61,45.97,42.39,46.91,16.22,14.68,15.51,1.52685,13.21,8.42,1797.68
1937,5.47,46.49,41.85,47.07,16.17,14.33,15.37,1.52624,13.25,8.72,1797.64
1976,5.74,50.25,46.71,53.48,13.09,12.68,14.36,1.2175,14.11,20.74,1548.1
1977,5.89,49.16,45.55,52.47,13,11.94,13.49,1.01831,13.43,25.59,1405.5
1978,6.44,47.73,43.71,51.04,12.2,11.04,13.45,0.93631,14.07,21.52,1515.48
1979,6.36,46.7,41.89,49.87,11.33,9.69,12.16,0.63762,13.13,23.49,1418.91
1980,6.01,45.99,40.69,48.92,12.94,11.09,13.89,0.93788,13.44,23.05,1482.64
1981,6.06,45.87,40.51,48.21,13.74,12.67,14.33,1.53197,13.65,12.81,1796.45
1982,5.8,46,40.78,48.45,14.28,12.98,14.51,1.3382,13.33,13.68,1700.53
1983,5.64,46.53,41.03,48.8,15.09,13.49,14.8,1.3112,13.82,17.06,1645.7
1984,5.51,46.2,40.56,48.46,13.51,11.97,14.67,0.85079,13.56,27.11,1355.81
1985,5.82,45.86,40.52,49.05,13.84,12.77,14.94,1.27018,13.36,18.14,1612.76
2842,-9.18,-4.66,-5.29,-2.64,14.85,15.18,15.73,1.50066,13.18,8.9,1798.49
2854,-4.98,24.54,25.96,30.14,14.52,14.95,15.46,1.52926,13.32,9.21,1798.35
2855,-4.69,23.95,24.06,29.27,12.85,13.08,13.73,1.52648,14.75,12.62,1797.42
2856,-4.33,24.49,25.54,30.04,14.52,14.67,15.58,1.52711,13.21,9.13,1798.36
2857,-3.81,24.92,25.65,30.28,13.56,13.57,14.55,1.5269,14.28,11.5,1798.11
2858,-3.33,24.83,25.36,30.14,13.52,13.62,14.55,1.52657,14.01,11.03,1798.06
2859,-3.07,25.48,25.92,30.45,13.52,13.62,14.5,1.52658,14.3,10.96,1798.12
2861,-2.92,27.76,28.41,33.68,15.09,15.24,16.36,1.53098,13.02,8.03,1798.31
2864,-1.99,30.03,30.14,36.32,14.51,14.36,15.57,1.5284,13.43,9.22,1798.23
2865,-1.8,30.16,30.3,36.51,14.51,14.45,15.63,1.52728,13.43,9.38,1798.54
2867,-1.43,30.38,30.4,36.79,14.14,14.11,15.1,1.52644,13.6,10.04,1798.13
2918,-2.85,29.56,29.64,32.47,15.67,16.27,16.57,1.5293,13.05,7.83,1797.45
2919,-2.76,29.99,29.95,33.05,14.72,14.97,15.17,1.52716,13.29,9.1,1797.76
2920,-2.58,30.52,30.08,33.8,15.2,14.84,15.43,1.52645,13.24,8.87,1798.28
2921,-2.45,31.07,30.56,34.27,14.82,14.41,14.92,1.52645,13.68,9.55,1798.57
2922,-2.26,31.78,30.62,34.84,15.04,14.44,15.08,1.52606,13.83,10.04,1797.74
2923,-2.11,32.96,31,35.96,15.08,14.44,15.09,1.52668,13.53,9.45,1798.04
3221,0.94,47,47.76,50.52,16.13,16.12,16.35,1.52669,13.01,8.36,1798.3
3268,1.74,47.32,46.86,51.89,14.46,14.43,15.2,1.5299,14.34,10.91,1797.73
3269,1.91,46.77,46.03,50.73,14.76,14.45,15.37,1.52721,14.06,10.43,1797.98
3270,2.09,46.22,44.94,50.14,14.42,14.2,14.98,1.52552,14.35,10.64,1797.54
3273,2.71,46.39,45.57,50.66,14.13,14.26,14.98,1.53025,14.2,10.52,1798.02
3285,5.12,48.04,48.16,53.92,14.79,15.12,15.54,1.52968,13.84,10.04,1797.78
3286,5.28,47.03,47.05,52.77,14.87,15.12,15.8,1.51023,13.22,8.39,1796.49
3317,5.19,50.99,50.96,53.95,16.46,16.55,15.78,1.52637,13.16,7.52,1797.78
3345,3.97,50.02,50.98,53.18,15.65,15.98,15.73,1.5261,13.16,8.65,1798
4157,-2.36,41.55,46.47,52.93,14.39,16.04,16.17,1.48787,13.37,8.77,1798.83
4160,-2.39,42.27,47.69,53.33,15.62,17.59,17.5,1.52659,13.05,8.16,1798.03
4177,-2.04,44.39,50.63,53.49,14.77,16.85,16.32,1.5279,13.05,8.61,1797.94
4179,-2.4,43.24,49.05,50.98,14.36,16.45,15.7,1.53102,13.51,9.8,1798.28
4180,-2.46,42.44,48.18,50.18,14.63,16.73,16.15,1.52675,13.4,9.88,1798.05
4181,-2.45,41.07,47.17,48.92,13.4,15.44,14.78,1.52716,14.88,12.43,1798.22
4182,-2.56,39.89,45.93,47.03,12.95,14.93,13.87,1.5265,15.68,13.85,1797.4
4183,-2.72,38.2,44.12,45.93,12.94,14.73,13.78,1.52668,15.33,13.51,1797.95
4184,-2.94,37.96,43.43,44.3,13.1,14.97,14.08,1.52623,15.33,13.5,1797.66
4185,-3.07,37.68,43.21,43.98,13.65,15.61,14.65,1.52544,14.31,11.82,1796.96
4186,-3.09,37.95,43.82,44.4,14.25,16.33,15.39,1.5269,13.88,10.03,1798.1
4187,-3.15,37.42,43.25,43.8,13.02,15.24,14.27,1.52651,14.93,12.8,1798.1
4188,-3.34,36.94,42.65,43.13,12.88,15.1,14.08,1.52598,14.92,12.87,1797.61
4189,-3.56,36.89,42.71,43.17,14,16.37,15.51,1.52652,13.97,10.5,1798.24
4190,-3.62,37.04,43.26,43.53,13.81,16.1,15.13,1.5266,14.78,11.46,1797.68
4197,-5.24,42.91,48.56,48.78,15.65,17.13,16.44,1.52989,13.08,8.55,1798.09
4207,-6.39,43.94,48.91,48.86,14.47,16.14,15.08,1.5274,14.31,11.41,1797.12
4208,-6.45,41.88,46.9,46.93,13.88,15.38,14.26,1.5266,14.68,12.09,1798.17
4209,-6.56,40.93,46.06,46.03,14.11,15.75,14.81,1.52584,14,11.52,1797.7
4210,-6.68,40.9,46.24,46.11,15.65,17.14,16.16,1.52609,13.36,9.41,1798
4238,-8.51,45.92,51.41,50.69,15.51,16.69,16.01,1.52683,13.34,9.13,1798.24
4402,-3.73,33.64,37.4,40.05,14.53,16.52,15.92,1.52567,14.3,10.97,1796.09
4417,-5.3,40.49,47.36,47.41,13.96,16.48,15.47,1.52812,14.14,11.43,1797.48
4418,-5.3,39.09,46.26,46.27,13.89,16.38,15.04,1.52588,15.02,12.47,1796.7
4419,-5.24,39.05,46.5,46.31,15.26,17.67,16.58,1.52719,13.67,9.8,1797.88
4420,-5.3,38.15,46.02,45.54,14.15,16.68,15.3,1.52674,14.38,11.77,1796.68
4421,-5.48,38.01,45.89,45.28,14.09,16.56,15.41,1.52713,14.5,11.97,1798.18
4422,-5.4,37.08,43.93,43.82,13.19,15.6,14.59,1.52595,15.58,13.36,1797.48
4423,-5.54,36.82,43.23,43.14,13.42,15.68,14.76,1.52614,14.66,12.53,1797.5
4424,-5.81,36.6,43.07,43.03,13.97,16.17,15.35,1.52627,13.96,11.16,1797.98
4425,-5.9,36.85,43.66,43.31,14.2,16.48,15.35,1.52651,14.64,11.54,1798.13
4430,-6.05,40.48,48.11,47.52,14.78,17.03,15.86,1.52182,13.84,10.2,1797.02
4432,-6.51,40.68,48.08,47.23,14.12,16.27,15.14,1.5318,14.77,12.31,1797.76
4433,-6.99,38.58,46.1,45.09,13.38,15.54,14.38,1.52716,15.94,15,1797.4
4434,-7.27,38.19,45.52,44.53,14.71,16.74,15.78,1.52376,13.72,10.54,1796.83
4435,-7.51,38.28,45.94,44.7,14.25,16.6,15.42,1.52941,14.21,11.5,1797.49
4436,-7.56,37.95,45.29,44.13,14.33,16.48,15.46,1.52722,14.61,11.36,1798.03
4446,-8.14,28.4,31.53,34.05,15.14,16.44,16.76,1.52893,13.17,9,1798.15
4447,-7.82,28.99,32.01,34.86,14.13,15.4,15.7,1.52642,14.52,11.62,1798.08
4448,-7.72,29.59,32.99,36.02,14.69,16.04,16.23,1.52602,13.74,10.27,1797.8
4449,-7.66,29.97,33.45,36.44,13.45,15.07,15.14,1.52811,15.28,12.44,1798.65
4450,-7.5,29.24,32.75,35.96,12.29,14.05,13.93,1.52614,15.99,14.76,1797.29
4451,-7.55,29.95,33.77,36.59,14.05,15.87,15.65,1.5267,13.92,11.11,1798.29
4452,-7.54,29.95,33.43,36.25,12.58,14.23,14,1.52584,15.81,14.42,1797.62
4453,-7.55,29.99,33.9,36.67,13.76,15.64,15.37,1.52647,14.49,11.97,1798
4454,-7.6,30.05,34.14,36.84,13.06,14.9,14.59,1.52638,15.67,13.95,1797.75
4456,-7.35,30.35,34.84,37.1,14.72,16.59,16.29,1.51562,14.11,10.41,1796.95
4457,-7.52,31.71,36.64,38.3,13.82,15.58,15.14,1.52027,14.39,11.54,1798.7
4458,-7.5,32.39,37.16,39.06,15.1,17.03,16.58,1.52758,13.64,10.03,1797.6
4459,-7.43,32.72,37.34,39.05,14.22,16.46,15.9,1.52704,14.43,11.82,1797.5
4460,-7.46,33.37,38.84,40.43,15.11,17.33,16.66,1.52637,13.39,9.56,1798.01
4461,-7.32,33.03,37.72,39.92,13.56,15.45,15.06,1.52639,15.09,12.58,1797.11
4462,-7.16,33.2,38.29,40.2,14.19,16.16,15.41,1.52676,14.47,11.61,1797.83
4463,-7.26,33.99,39.95,40.92,15.7,17.86,17.11,1.52628,13.07,8.68,1797.02
4464,-7.27,35.55,41.08,42.44,15.68,17.83,17.11,1.47821,13,8.84,1797.94
4466,-7.16,37.34,44.15,44.84,15.84,18.09,16.95,1.51784,13.71,9.08,1798.01
4471,-7.81,38.37,46.11,46.25,15.08,17.28,16.43,1.52708,13.74,9.77,1797.06
4472,-7.98,38.02,45.94,46.14,14.8,17.28,16.41,1.52744,13.9,10.19,1798.06
4475,-8.3,37.77,45.73,45.74,14.59,17.11,16.2,1.52938,14.22,11.12,1797.79
4476,-8.3,36.99,44.14,44.08,14.1,16.44,15.54,1.52665,14.24,11.56,1797.99
4480,-8.58,40.38,48.73,47.74,16.45,18.58,17.65,1.52904,13.21,8.05,1798.31
4489,-9.4,43.37,53.46,51.37,14.71,17,16,1.53009,14.02,10.65,1797.96
4511,-11.81,42.51,51.67,48.69,15.44,17.47,16.19,1.52652,13.22,9.63,1798.2
4512,-11.94,41.17,50.57,47.65,15.04,17.44,15.99,1.52662,13.33,10.16,1798.37
4513,-11.96,39.95,47.92,46.14,14.38,15.93,14.91,1.52629,14.09,11.51,1797.56
4514,-12.08,38.88,47.07,44.85,14.49,16.66,15.1,1.52676,14.11,11.5,1798.2
4515,-12.05,37.52,45.77,43.44,14,16.07,15,1.52625,14.39,12.05,1797.69
4516,-12.16,36.98,45.01,42.97,14.29,16.65,15.34,1.52644,14.03,10.95,1797.87
4517,-12.2,36.56,43.83,41.88,14.17,16.24,14.98,1.52644,14.53,11.59,1798.04
4518,-12.21,36.39,43.55,41.47,14.98,16.86,15.83,1.52602,13.58,10.2,1797.54
4610,-11.83,37.44,46.42,45.96,15.57,17.42,16.79,1.53019,13.01,8.59,1798.13
4614,-11.65,37.43,46.25,45.38,14.63,16.43,15.85,1.52852,13.88,10.68,1797.99
5834,-6.84,41.16,41.81,47.2,13.74,13.9,14.6,1.52855,15.44,13.87,1798.29
5835,-7.27,39.4,39.72,45.08,14.77,14.62,15.64,1.51928,14.27,11.14,1796.65
5906,-6.57,36.62,38.09,44.27,13.87,14.71,15.7,1.52934,13.64,10.64,1798.6
5907,-6.5,35.59,37.07,42.93,14.15,15.56,15.87,1.52604,13.43,10.1,1797.78
5914,-6.84,36.7,38.08,43.98,13.9,14.36,15.08,1.52654,13.59,10.51,1798.07
6250,-8.86,34.19,39.47,45.5,14.51,16.57,16.66,1.52713,13.45,10.58,1798.05
6251,-8.87,33.31,37.78,43.58,13.72,15.59,15.76,1.52607,14.53,12.76,1797.87
6252,-8.78,32.71,36.99,42.48,13.27,14.88,15.35,1.52637,15.35,14.07,1797.93
6253,-8.7,31.66,36.67,41.08,13.5,15.41,15.4,1.5265,14.6,12.72,1798.3
6254,-8.73,32.38,37.01,41.23,14.7,16.72,16.67,1.5261,13.64,10.5,1797.88
6255,-8.9,32.4,37.12,41.1,14.16,16.25,16.14,1.52619,13.83,11.06,1798.08
6256,-8.9,32.55,37.16,40.98,14.17,16.1,15.86,1.52633,14,11.47,1798.26
6258,-9.17,33.17,38.2,41.75,14.98,16.89,16.71,1.52656,13.57,10.37,1798.03
9917,7.19,39.72,44.2,45.74,15.7,17.52,17.16,1.52074,13.13,8.07,1797.22
9918,7.42,39.47,43.99,45.47,14.7,16.66,15.95,1.52832,14.17,10.53,1797.87
9919,7.56,40.04,44.58,46.02,15.12,16.78,16.27,1.48432,13.2,7.97,1796.55
9922,7.82,42.69,47.26,48.65,14.62,16.65,16.1,1.52489,13.79,8.91,1796.72
9923,7.89,43.14,47.54,48.89,14.9,16.41,16.11,1.49697,13.25,7.82,1797.5
9925,8.37,43.59,48.02,50.02,14.36,15.94,15.61,1.53188,13.86,9.43,1798.39
9926,8.65,42.91,46.98,48.44,13.22,14.91,14.49,1.52621,14.97,12.28,1797.34
9927,8.94,43.12,47.51,49.18,14.59,16.38,15.89,1.52518,13.7,8.85,1797.96
9943,10.66,49.11,54.77,56.92,14.82,16.85,16.32,1.5296,13.49,8.82,1797.47
9944,10.35,47.56,52.63,55.21,12.69,14.51,14.11,1.52644,15.47,13.17,1797.96
9945,10.22,46.92,51.23,53.75,13.77,15.71,15.16,1.52604,14.19,10.92,1797.62
9946,10.08,46.04,50.14,52.48,12.72,14.44,13.97,1.52496,15.58,13.37,1797.12
9947,9.93,46.44,50.92,53.14,14.61,16.46,16.01,1.52593,13.52,8.97,1797.94
9948,9.92,46.77,51.74,53.42,14.67,16.77,16.02,1.50661,13.83,9.33,1797.54
9950,9.85,47.18,53.18,54.12,15.27,17.46,16.71,1.52937,13.24,8.21,1797.3
9951,9.55,47.75,53.93,55.13,15.52,17.43,16.88,1.52671,13.2,7.79,1797.9
9952,9.28,47,51.68,53.44,13.55,15.03,14.47,1.52608,14.79,12.48,1797.76
9953,8.99,47.02,51.8,53.35,14.79,16.24,15.66,1.52626,13.78,9.8,1798
9954,8.69,47,51.45,53.12,14.2,15.81,15.08,1.52578,14,10.57,1797.67
9955,8.55,47.01,51.4,52.98,14.4,15.99,15.31,1.52576,14.11,10.7,1797.62
9956,8.45,46.69,50.55,51.64,13.72,15.36,14.67,1.52557,14.76,11.68,1797.32
9957,8.27,47.04,51.65,52.98,15.51,17.48,16.75,1.52587,13.26,8.54,1797.99
12823,9.39,47.76,51.2,55.34,15.39,16.15,16.48,1.52947,13.42,9.01,1797.12
12826,9.47,49.42,52.16,56.45,15.04,16.01,16.22,1.529,13.13,8.95,1797.96
12827,9.4,48.84,51.68,56.12,15.12,16.16,16.41,1.52335,13.01,8.07,1797.09
12835,8.35,50.38,54.46,57.61,13.35,14.9,14.82,1.52766,14.54,12.1,1797.48
12836,8.35,48.72,52.61,55.98,13.05,14.61,14.33,1.52653,14.97,12.89,1798.27
12837,8.38,47.48,51.08,54.22,13.3,15.02,14.66,1.52577,14.44,12.08,1797.37
12838,8.22,47.06,50.85,53.86,13.42,14.97,14.78,1.52582,14.12,11.46,1797.74
12839,8.16,47,50.55,53.38,13.68,15.39,14.93,1.52555,14.21,11.49,1797.57
12840,8.17,46.61,49.98,52.8,12.93,14.62,14.05,1.52602,15.37,13.59,1797.69
12846,7.82,42.99,46.24,48.51,13.28,15.13,14.93,1.52613,14.89,12.64,1797.27
12847,7.09,43.05,46.3,48.5,12.98,14.38,14.19,1.52588,15.07,12.89,1797.79
12848,6.72,43.56,46.8,49.49,13.33,14.73,14.62,1.52628,15.15,12.59,1798.26
12849,6.51,43.24,46.45,48.62,12.93,14.41,14.23,1.52591,15.52,13.55,1797.62
12853,6.15,43.28,46.3,48.06,13.17,14.55,14.34,1.52612,15.74,13.75,1797.57
12855,6.16,42.99,45.85,47.86,13.08,14.44,14.29,1.52613,15.66,14.2,1797.5
12856,6.09,43.05,46.04,47.99,13.32,14.66,14.48,1.52628,14.85,12.75,1797.35
12857,5.96,43.65,46.63,48.55,14.2,15.8,15.38,1.52554,14.18,10.55,1797.16
12858,5.87,43.93,46.95,49.21,13.48,14.98,14.6,1.52603,15.21,12.74,1797.74
12860,5.03,40.76,42.54,45.62,11.97,12.24,12.62,1.11151,14.11,28.35,1360.91
12861,5.59,42.38,43.91,47.08,14.64,15,15.44,1.52741,13.82,10.06,1797.72
12862,5.35,43.02,44.14,47.19,14.23,14.69,15,1.52597,14.57,11.69,1797.57
12863,4.94,43.16,44.26,47.67,13.85,14.46,14.75,1.52613,14.85,11.93,1798.03
12864,4.49,43.26,44.2,47.39,14.22,14.82,14.82,1.52551,14.7,11.72,1797.29
12866,3.93,46.83,48.2,51.48,15.96,17.05,16.99,1.52628,13.19,8.06,1797.96
12867,3.73,46.74,47.99,51.01,14.99,15.88,15.54,1.5261,14.19,10.64,1797.72
12868,3.6,46.76,47.95,50.8,15.41,16.22,15.96,1.52605,13.99,9.83,1797.2
12869,3.47,46.98,48.46,51.18,15.82,16.66,16.41,1.52599,13.58,8.51,1797.34
12871,3.16,47.68,49.94,52.6,15.24,16.24,15.77,1.52634,13.78,9.8,1798.03
12872,3,47.8,50.21,52.5,15.78,16.79,16.26,1.52459,13.41,9.09,1797.53
12873,2.91,47.85,50.22,52.54,15.3,16.33,15.82,1.52678,13.54,9.53,1797.5
12887,2.32,50.45,54.18,55.25,14.56,15.22,14.46,1.52605,14.33,11.33,1797.78
12888,2.28,49.94,52.72,53.73,14.74,15.16,14.58,1.52638,14.4,11.09,1798.41
12889,2.27,48.08,50.16,51.77,12.89,13.07,12.61,1.52628,15.99,14.1,1798.72
12898,2.59,36.92,38.37,40.46,15.95,17.17,16.82,1.50741,15.26,7.04,1796.74
12899,3.17,39.1,41.76,43.46,16.07,17.58,16.88,1.50675,15.13,6.59,1798.19
12900,3.22,40.92,44.02,45.29,16.68,18.03,17.29,1.48604,13.83,2.95,1796.77
12901,3.08,42.29,45.56,46.6,16.04,17.39,16.74,1.44368,13.5,1.18,1797.76
12902,2.97,42.99,46.13,47.06,15.34,16.63,15.95,1.52529,14.55,7.22,1798.32
12903,2.9,43.05,46.1,46.94,15.04,16.48,15.47,1.52689,14.91,9.06,1797.7
12904,2.9,44.04,47.82,47.88,16.75,18.65,17.3,1.51929,13.68,5.11,1797.2
12905,3,45.74,50.16,49.78,16.85,18.54,17.59,1.48012,13.37,2.85,1797.24
14761,17.19,52.77,50.02,60.06,12.62,12.76,15.26,1.52531,13.21,8.59,1797.64
14847,5.66,53.2,58.12,64.11,14.61,16.45,16.53,1.53001,13.84,10.22,1797.42
15003,3.72,47.22,53.4,56.57,15.73,17.67,17.23,1.51748,13.05,7.56,1797.38
15007,3.48,47.27,53.7,56.16,15.8,18.01,17.47,1.53151,13.05,7.53,1797.61
15119,0.23,44.08,49.89,52.76,16.32,18.32,18.06,1.52753,13.01,7.73,1797.52
15121,0.57,43.53,48.41,50.88,14.68,16.53,15.83,1.52866,13.93,9.92,1797.38
15140,3.85,44.14,51.61,51.21,13.94,16.23,14.82,1.52202,14.27,10.66,1797.01
15141,3.86,43.9,51.6,50.7,14.7,16.93,15.74,1.52154,13.4,8.9,1797.3
15142,3.81,43.87,51.51,50.48,15.6,17.78,16.45,1.50957,13.16,7.68,1796.99
15143,3.99,43.79,50.87,50.13,14.58,16.68,15.43,1.53037,13.98,10.32,1797.03
15144,4.09,43.38,50.34,49.29,15.06,17.16,15.79,1.52443,13.57,9.33,1797.46
15145,4.07,43.08,49.69,48.37,14.34,16.25,15.23,1.52688,14.03,10.4,1797.24
15146,4.12,43.14,49.99,48.43,14.84,17.04,15.77,1.52861,14.2,10.66,1797.73
15147,4.2,42.85,48.98,47.91,14.54,16.61,15.44,1.5264,14.23,10.62,1796.66
15148,4.2,42.87,49.03,47.94,14.2,16.33,15.12,1.52724,14.64,11.52,1797.6
15149,4.3,41.14,47.39,47.01,13.51,15.57,14.46,1.5169,15.24,12.11,1796.5
15150,3.98,42.2,48.05,47.39,14.61,16.34,15.34,1.51423,13.72,9.38,1797.42
15151,3.88,41.79,47.83,47.3,15.13,17.19,16.2,1.50724,13.24,8.31,1796.45
15157,3.85,44.4,50.96,50.38,15.14,17.05,16.16,1.51842,13.21,8.5,1797.19
15158,3.73,43.98,50.23,49.96,14.86,17.03,15.92,1.52747,13.47,9.52,1796.69
15161,3.9,45.68,51.87,51.35,15.17,17.38,16.25,1.51919,13.39,8.98,1796.97
15162,3.77,45.54,52.22,51.08,15.75,18.28,17,1.52676,13.22,8.28,1796.97
15412,13.53,53.37,54.18,63.34,15.78,16.01,16.87,1.51427,13.13,7.56,1797.09
15544,5.39,50.53,52.41,58.07,15.78,16.83,17.19,1.52285,13.29,8.32,1795.98
15546,5.57,50.48,52.42,57.61,15.73,16.48,16.67,1.50228,13.32,7.73,1797.25
15547,5.7,50.07,51.41,56.89,14.28,15.28,15.52,1.53012,14.23,10.72,1796.53
15548,5.64,48.65,50.56,55.84,14.38,15.75,15.64,1.51983,13.97,10.22,1796.01
15549,5.9,48.05,50.16,54.92,13.59,14.93,15,1.53043,15.02,12.71,1796.81
15550,6,47.89,50.45,54.75,14.3,15.93,15.71,1.52707,14.36,10.79,1797.18
15551,6.17,48.28,51.23,55.28,15.23,16.7,16.44,1.51212,13.44,8.29,1796.64
15554,6.6,49.25,52.52,55.72,13.56,15.14,14.44,1.52046,14.86,12.03,1797.68
15555,6.59,47.67,50.89,53.7,13.35,14.89,14.08,1.52696,15.32,12.99,1797.53
15557,6.3,46.21,48.64,51.3,13.43,15.22,14.71,1.49755,14.76,11.55,1797.14
15558,6.11,46.35,49.67,51.47,13.32,15.35,14.54,1.53132,15.34,12.49,1797.11
15559,6.33,46.16,49.18,51.04,13.94,15.73,15.12,1.52521,14.65,11.43,1796.28
15560,6.56,46.22,49.51,51.3,13.16,14.9,14.35,1.52736,15.8,13.6,1797.44
15561,6.7,45.93,49.13,50.78,13.49,15.41,14.65,1.52642,14.76,12.02,1797.1
15562,6.89,46.07,49.82,51.15,14.03,16.2,15.4,1.52509,14.42,11.15,1796.91
15568,7.04,34.72,36.55,38.4,14.76,15.68,15.77,1.5292,14.11,10.22,1796.02
15569,7.24,36.45,38.26,40.55,14.63,15.77,15.5,1.51891,13.77,9.07,1796.89
15570,7.52,37.87,40.28,42.92,14.34,15.64,15.36,1.52699,14.2,10.1,1798.01
15571,7.48,37.93,40.22,42.96,13.31,14.72,14.33,1.52662,15.33,12.72,1797.04
15573,7.5,40.73,43.88,46.1,14.54,16.15,15.76,1.52031,13.71,9.55,1797.14
15574,7.54,41.08,44.87,46.76,14.02,15.93,15.24,1.52777,14.04,9.97,1797.24
15578,8.11,46.34,50.89,51.56,15.76,17.7,16.87,1.52926,13.27,7.92,1796.61
15984,0.69,43.19,44.33,55.94,15.56,16.13,17.81,1.52752,13.15,8.34,1796.98
15985,0.71,43.2,44.46,54.82,15.4,16,17.28,1.50294,13.03,6.97,1797.44
15986,0.82,42.08,43.37,53.41,14.9,15.71,17.25,1.49461,13.33,8.45,1796.5
15988,1,42.42,44.18,53.56,15.16,16.14,17.44,1.53161,13.78,9.31,1797.73
15989,1.15,41.79,44,52.74,14.3,15.55,16.35,1.52744,14.23,9.9,1797.89
15991,1.67,42.25,44.61,52.61,14.98,16.27,16.85,1.53247,13.8,9.23,1798.01
15992,1.63,41.31,44.18,51.14,15.29,16.56,17.02,1.50792,13.57,8.68,1796.41
15994,1.82,41.48,44.98,50.93,14.66,16.38,16.61,1.48832,13.57,8.95,1795.95
15995,1.89,41.94,46.03,51.49,15.12,16.96,17.09,1.52708,13.29,7.94,1796.99
15996,2.13,41.42,45.74,50.61,14.45,16.29,16.35,1.52312,14.15,9.58,1797.2
15997,2.41,41.44,45.95,50.59,14.33,16.12,16.19,1.53093,14.54,10.48,1797.26
15998,2.46,40.78,44.86,49.83,13.97,15.9,15.93,1.52832,14.18,10.2,1797.03
15999,2.46,40.59,44.85,49.13,14.02,15.83,15.63,1.52689,14.55,11.07,1797.41
16000,2.26,40.73,45.17,48.79,15.08,16.81,16.45,1.47717,13.18,8.17,1796.67
16001,2.51,41.62,46.59,49.95,15.66,17.57,17.08,1.52319,13.89,7.99,1797.08
16009,3.01,44.11,50.88,52.84,15.13,17.63,16.81,1.50684,13.68,8.44,1797.15
16015,2.56,45.07,52.51,53.35,14.78,17.28,16.52,1.5307,13.6,9.02,1797.36
16023,2.17,46.51,54.46,54.86,15.93,18.42,17.8,1.52702,13.11,7.63,1797.29
18379,9.89,51.87,55.85,59.57,14.03,15.41,15.35,1.52741,14.04,10.1,1797.67
18380,9.72,50.54,53.82,57.45,13.17,14.31,14.33,1.52573,15.05,12.05,1797
18387,9.05,57.01,60.09,62.92,15.58,16.92,16.49,1.52656,13.01,7.51,1797.75
18392,8.93,57.31,60.54,62.23,15.1,16.28,15.68,1.53055,13.52,8.94,1797.97
18393,8.53,56.03,58.2,60.19,14.74,16.08,15.25,1.52628,13.39,9.35,1797.11
18582,13.69,47.86,49.1,58.11,14.3,15.67,16.45,1.52974,13.37,8.41,1796.66
18591,14.66,50.83,54.53,60.59,14.52,16.25,16.39,1.53137,13.42,8.68,1797.21
18599,15.72,53.16,57.06,61.7,15.5,16.94,17.07,1.48243,13.02,6.34,1796.85
18600,15.5,52.48,56.47,60.53,14.74,16.58,16.44,1.52995,13.8,8.65,1796.2
18744,18.81,50.9,54.39,59.69,14.17,15.95,16.69,1.44628,13.52,7.39,1787.21
18745,18.58,50.79,54.11,59.88,14.21,15.91,16.51,1.51366,13.82,8.6,1796.48
19456,25.69,50.86,53.22,57.88,15.29,16.68,17.07,1.48989,13.05,5.91,1795.82
19457,25.56,52,54.14,58.88,14.98,16.6,16.77,1.51824,13.25,6.65,1795.38
19873,9.13,13.82,12.39,16.18,12.25,13.7,13.99,1.28437,14.75,21.26,1559.02
19874,10.66,18.05,17.33,20.97,14.11,14.97,15.41,1.52739,13.97,10.14,1797.42
19875,10.97,20.79,20.07,24.11,13.58,14.27,14.83,1.52664,14.17,10.54,1797.55
19876,11.26,23.22,22.32,26.83,12.5,13.24,13.81,1.52614,15.9,13.38,1797.73
19877,11.43,25.27,24.51,29.3,12.55,13.38,14.22,1.52584,15.92,13.67,1797.25
19878,11.6,27.14,26.7,31.37,12.79,13.75,14.68,1.52574,15.33,12.72,1796.99
19880,11.72,29.82,29.73,34.6,12.39,13.56,13.97,1.52576,15.98,13.56,1796.81
19881,11.8,31.12,31.65,36.6,13.02,14.17,14.51,1.52645,15.01,12.22,1796.89
19883,11.81,36.28,37,41.25,14.21,15.28,15.53,1.52899,13.76,9.66,1797.4
19886,11.52,40.51,42.45,46.4,14.9,16.25,16.03,1.52939,13.12,8.23,1797.44
21068,15.74,53.07,57.13,59,12.48,13.79,14.23,1.52637,13.94,15.33,1796.49
21654,14.78,47.37,50.62,53.01,11.62,12.95,13.13,1.52773,14.54,16.64,1795.89
21655,14.93,46.99,49.2,51.72,11.22,12.06,12.32,1.52569,15.79,18.71,1795.72
21799,20.5,49.67,46.41,49.91,14.68,12.75,13.56,1.44027,14.06,9.74,1796.78
23425,12.07,46.19,41.2,43.93,16.3,13.99,13.94,1.42982,13.08,4.19,1795.89
23426,12.44,47.75,42.98,45.94,15.34,13.27,13.58,1.4289,13.27,4.82,1796.47
23427,12.79,47.94,42.99,46,14.57,12.54,12.51,1.4298,14.27,7.51,1796.23
23428,13.1,49.01,43.24,46.28,15.37,13,12.88,1.43023,13.51,6.67,1796.05
23429,13.31,50.14,43.91,46.97,15.54,13.11,13.1,1.43012,13.49,5.63,1795.89
23430,13.67,50.89,45.08,47.61,15.19,13.52,13.45,1.42973,13.14,5.19,1796.12
23431,13.99,50.88,45.8,47.92,14.25,13.16,13.06,1.42958,13.86,6.17,1795.93
23437,15.39,51.67,47.41,50.87,14.4,13.68,14.07,1.40379,13.08,4.2,1796.13
23438,15.78,51.17,47.38,50.88,13.48,12.81,13.17,1.43091,14.44,7.36,1795.41
23440,16.6,50.17,46.94,50.08,12.33,12.17,12.31,1.43143,15.08,8.19,1796.23
23441,16.82,50.01,46.73,50.02,12.2,12.08,12.18,1.4307,15.2,8.25,1794.94
23442,17.1,50.11,47.01,50.3,13,12.79,13.04,1.4272,14.96,7.08,1794.65
23443,17.46,50.34,47.51,50.91,13.13,13.45,13.55,1.40216,13.96,4.62,1794.62
23444,17.64,50.64,48.01,51.65,12.88,13.54,13.42,1.42886,14.57,6.26,1795.45
23445,17.92,50.21,47.91,51.42,12.51,12.99,13.01,1.42959,15.16,7.51,1794.83
23471,15.71,49.78,47.73,52.43,14.08,14.11,14.72,1.34943,13.01,1.89,1794.94
23475,15.95,50.94,50.12,54.17,13.75,14.26,14.56,1.35232,13.03,2.64,1793.78
23476,16.06,50.99,50.79,55.37,13.83,14.56,14.75,1.41849,14.41,4.64,1794.29
23477,16.1,50.84,50.23,54.23,12.64,13.16,13.37,1.42931,15.61,7.14,1794.93
23478,16.14,50.81,50.5,54.32,13.11,13.85,13.82,1.35258,13.56,3.28,1792.63
23479,16.07,51.1,50.98,55.46,13.8,14.44,14.72,1.34058,13.26,2.5,1794.24
23493,15.32,51.71,52.71,55.91,14.03,14.88,14.76,1.34577,13.32,1.87,1794.39
23496,15.1,52.53,52.64,56.12,13.59,13.82,13.87,1.30068,13.12,2.41,1794.12
23498,15,52.88,53.07,56.31,13.79,14.65,14.59,1.4196,14.44,4.25,1794.83
23502,14.67,53,53.88,56.65,13.45,14.76,14.22,1.40123,14.01,4.39,1794.59
23599,11.44,19.55,17.93,22.49,12.73,13.28,15.37,1.42525,15.41,7.91,1797.53
23601,11.98,25.12,24.3,29.81,12.35,13.91,14.7,1.40121,14.2,5.89,1796.13
23603,12.48,30.37,30.28,35.95,13.69,14.64,15.66,1.41101,14.39,4.43,1796.94
23604,12.73,31.83,32.73,37.72,12.41,14.15,14.59,1.41889,15.45,7.38,1796.49
23605,12.91,33.53,33.99,39.45,12.49,13.6,14.26,1.35858,14.65,5.73,1796.82
23607,13.34,36.33,37.54,42.46,12.7,14.87,14.66,1.40699,15.14,6.24,1795.67
23608,13.39,37.15,39.68,43.88,12.66,14.2,14.35,1.42232,15.81,7.29,1796
23609,13.64,37.65,39.71,43.99,12.1,13.47,13.52,1.42719,15.17,7.81,1796.09
23610,13.66,39.13,40.85,45.38,12.85,14.45,14.34,1.41404,15.33,6.52,1795.44
23983,16.7,56.89,54.47,56.2,16.86,17.52,16.17,1.40686,13.04,0.06,1795.93
24187,28.18,52.15,50.24,56.26,14.27,14.64,15.14,1.14044,13.45,11.24,1605.99
24189,27.96,54.44,52.53,57.25,11.87,11.79,12.42,1.08684,14.31,20.93,1443.19
24190,27.62,54.86,52.3,57.32,12.47,12.29,13.02,1.20374,14.89,15.95,1571.4
26054,16.6,52.63,48.04,53.53,14.79,13.32,14.1,1.41707,13.87,4.94,1797.67
26055,17.05,52.58,47.85,53.06,13.52,12.44,13.17,1.43211,14.56,7.59,1796.59
26056,17.13,52.91,48.16,53.44,13.93,13.11,13.81,1.42819,14.03,5.51,1797
26057,17.34,53.15,49.7,54.1,14.39,14.22,14.64,1.42252,14.21,3.42,1797.22
26058,17.55,53.82,50.72,55.42,14.75,14.79,14.77,1.41755,14.28,2.94,1796.89
26059,17.58,53.71,50.39,54.7,13.43,12.85,13.22,1.43315,14.08,7.04,1797.3
26071,16.96,47.71,44.57,47.67,15.12,14.12,14.41,1.39062,13.48,1.43,1797
26074,17.3,50.8,47.41,51.76,14.72,14.08,14.43,1.36801,13.21,1,1797.11
26075,17.69,51.47,48.16,52.66,14.32,14.02,14.25,1.36058,13.35,2.38,1796.79
26076,17.7,51.9,48.73,53.17,14.32,14.23,14.29,1.39754,13.39,2.77,1797.52
27061,31.22,44.01,42.2,46.21,14.68,14.69,15.43,1.48926,14.69,8.72,1795.04
27508,27.35,47.97,46.35,48.79,14.94,15.38,14.91,1.52801,13.42,6.52,1796.14
27673,22.4,61.39,58.88,63.67,14.83,14.59,15.46,1.52902,13.49,7.59,1797.11
27674,22.24,60.59,57.51,62.85,13.98,13.73,14.8,1.52596,13.29,8.17,1795.98
31409,29.2,56.99,53.02,56.59,15.63,14.94,15.45,1.51939,13.81,7.33,1796.5
31411,28.35,58.79,53.94,57.68,15.71,14.6,15.04,1.52295,13.65,7.49,1795.76
31412,27.96,60.51,55.27,59.29,15.47,14.31,14.86,1.52647,13.99,8.85,1796.08
31413,27.7,60.87,55.51,59.89,13.98,12.7,13.32,1.52837,15.34,12.21,1796.23
31414,27.55,62.13,56.35,60.49,15.08,13.67,14.2,1.52673,14.41,10.49,1796.93
31415,27.29,62.81,56.18,60.47,14.1,12.68,13.13,1.52554,15.91,13.18,1795.74
31416,27.41,63.08,56.57,60.7,15.22,13.95,14.2,1.52443,14.29,10.23,1795.38
31417,27.45,64.2,57.78,62.55,15.99,14.63,15.08,1.52698,13.79,9.22,1796.49
31424,27.96,66.61,62.07,65.7,14.03,13.8,13.98,1.48019,15.3,11.44,1796.13
31705,30.17,51.59,50.57,53.84,14.71,15.09,15.21,1.51627,13.83,7.82,1794.38
35164,36.96,39.44,35.29,39.62,15.86,14.38,15.92,1.51435,13.3,7.1,1796.03
35166,33.88,47.79,42.06,48.62,15.12,13.72,15.35,1.52214,13.78,7.96,1796.26
36204,30.57,52.78,46.45,52.6,15.79,12.64,14.9,1.52835,15.23,11.27,1795.25
43815,14.27,46.06,43.25,47.13,17.29,16.02,17.35,1.49675,13.35,4.95,1767.68
44081,11.22,47.9,48.04,53.33,15.74,15.59,16.73,1.46691,13.03,3.99,1771
44082,11.39,48.03,47.84,53.46,14.92,14.65,15.94,1.49584,13.96,6.9,1765.32
44225,14.67,43.26,44.2,48.53,15.57,15.86,16.88,1.38105,13.56,3.26,1767.03
46325,12.82,50,50.52,62.89,15.02,15.91,22.7,1.50055,13.89,4.91,1765.38
46326,12.94,50.86,52.36,66.73,16.52,17.99,23.67,1.49899,13.13,2.64,1765.61
46332,11.91,52.56,54.24,64.6,16.24,17.56,21.53,1.49412,13.99,2.38,1778.95
46885,14.58,43,38.27,43.28,16.45,15.03,16.08,1.50081,13.05,4.82,1797.26
47066,13.1,53.91,53.8,58.62,18.7,18.62,19.64,1.49845,13.25,1.35,1797.48
47067,13.11,55.81,55.63,60.06,16.44,17.51,18.78,1.52474,14.42,4.6,1797.56
47068,13.26,53.42,55.44,62.73,15.2,17.64,20.95,1.52509,15.14,6.61,1797.46
47069,13.3,54.95,57.35,65.69,16.72,19,21.75,1.52215,14.71,5.13,1797.15
47080,11.9,61.66,61.57,78.67,17.54,16.39,21.24,1.52382,13.03,5.71,1797.11
49564,-0.47,42.09,43.81,53.63,17.02,17.66,19.68,1.42027,13.24,3.14,1796.99
49826,-6.74,31.03,36.25,41.43,14.02,16.13,16.79,1.43582,14.07,9.08,1797.83
49827,-6.86,32.02,37.33,42.98,15.18,17.38,17.97,1.42864,13.36,6.55,1798.09
49828,-6.77,31.06,36.77,41.27,14.36,16.62,16.6,1.43557,14.33,7.92,1797.16
49829,-6.67,31.41,37.66,42.08,14.78,17.41,17.33,1.42714,14.42,6.77,1797.99
49830,-6.55,32.29,39.2,43.1,15.74,18.69,18.21,1.43048,13.35,4.91,1797.42
49844,-8.78,36.75,43.62,45.85,17.85,20.7,20,1.42295,13.12,3.05,1797.84
50625,-4.54,39.97,37.22,41.04,15.78,14.76,15.6,1.43508,13.84,7.01,1797.38
50626,-4.5,39.87,37,40.85,16.03,14.85,15.43,1.43585,13.13,6.75,1798.32
50629,-4.89,40.79,36.63,41,15.78,13.75,14.77,1.43593,13.83,8.33,1797.44
50630,-4.66,40.44,36.04,40.61,16.14,13.88,15.14,1.4369,13.64,7.94,1797.87
50631,-4.59,40.95,36.43,41.06,17.05,15.17,16.21,1.43101,13.08,5.67,1797.54
50641,-5.72,41.5,36.84,41.95,16.03,14.9,15.56,1.43701,13.17,6.85,1797.97
52354,-5.06,35.4,33.98,39.92,14.86,15.04,15.79,1.43408,13.04,6.28,1797.25
52370,-4.15,37.02,37.24,43.01,14.86,15.3,16.17,1.41184,13.57,6.01,1796.24
52373,-4.05,37.9,38.06,44.08,15.51,16.07,16.89,1.42642,13.28,4.4,1797.18
52375,-4.36,38.05,38.67,44.42,14.98,15.43,16,1.43448,13.63,5.84,1797.51
52380,-5.37,40.22,39.55,46.43,15.46,15.04,16.16,1.43417,13.83,6.44,1796.97
52381,-5.44,39.9,39.07,45.82,15.86,15.69,16.67,1.434,13.17,4.78,1797.08
52493,-8.55,31.27,30.71,36.45,13.25,13.79,14.48,1.43739,14.56,9.79,1797.19
52494,-7.84,30.58,30.6,36.07,13.28,14.31,14.82,1.43597,14.78,9.83,1796.12
52495,-7.28,30.34,30.82,36.1,13.56,14.56,15.18,1.43636,15.51,9.65,1795.65
52496,-7.08,30.58,31.1,36.54,13.81,14.93,15.26,1.43536,14.8,9.3,1794.96
52497,-6.94,30.56,31.59,36.56,13.93,15.01,15.47,1.43376,14.73,8.5,1794.97
52498,-6.91,30.97,32.29,36.88,14.61,15.15,15.6,1.43077,14.02,7.75,1796.04
52499,-7.03,31,31.98,36.94,13.61,14.06,14.68,1.43543,14.47,8.97,1796.31
52500,-6.88,31.05,32,36.95,14.38,14.71,15.67,1.42062,13.31,6.62,1796.63
52501,-6.97,30.99,32.24,36.95,13.52,14.38,14.75,1.434,14.06,8.92,1796.3
52502,-6.92,31.27,32.68,37.23,13.85,14.29,14.8,1.43542,13.89,8.26,1796.86
52503,-6.76,31.01,32.48,36.86,13.8,14.57,14.71,1.4355,13.74,8.76,1796.58
52504,-6.8,31.52,32.96,37.05,14.43,14.5,15.52,1.43573,13.98,7.66,1796.96
52505,-6.39,32.29,33.12,37.57,14.27,15.04,15.65,1.42666,14.8,7.5,1797.18
52507,-6.61,33.63,35.03,39.77,15.04,15.38,15.97,1.4129,13.11,5.22,1797.44
52508,-6.18,33.59,34.84,39.16,15.72,15.89,16.38,1.43301,13.3,5.22,1796.81
52509,-6.1,34.4,35.72,39.96,15.97,15.97,16.45,1.4351,13.98,4.85,1797.51
52512,-6.71,35.36,35.56,40.03,15.79,15.62,16.12,1.43043,13.26,4.72,1796.49
55224,-10.38,23.57,23.84,25.83,15.72,15.84,16.36,1.43331,13.23,5.42,1796.95
55225,-9.86,24.01,24.03,26.55,14.98,14.96,15.81,1.43733,13.22,6.58,1797.65
57325,-7.31,39.81,46.75,47.77,16.78,17.99,19.5,1.43479,13.02,4.02,1797.84
57371,-12.79,32.73,32.46,40.22,14.41,14.84,16.13,1.43636,13.46,7.7,1796.02
57372,-12.29,31.37,31.54,39.1,13.7,14.41,15.21,1.43537,14.98,9.37,1796.18
57373,-12.02,32.01,31.96,39.46,14.58,15.13,15.91,1.33129,13.19,5.62,1793.2
57374,-12.19,31.35,31.76,38.38,12.24,12.27,13.23,0.94791,14.23,29.56,1296.97
57455,-13.84,34.87,30.9,36.86,18.22,16.73,17.78,1.44423,13.49,4.16,1797.04
57456,-13.73,35.97,31.27,37.26,18.31,16.75,18.01,1.44412,13.39,4.04,1797.28
57548,-11.46,30.46,30.21,37.07,14.58,14.51,15.75,1.44334,13.21,7.26,1796.33
57549,-10.91,29.98,29.34,36.2,13.82,13.58,15.02,1.44361,14.01,9.08,1796.74
57550,-10.74,30.02,29.36,36.33,14.98,14.43,16.11,1.44395,13.05,7.15,1796.72
58312,7.95,43.96,45.04,47.85,16.07,16.98,16.92,1.44082,13.74,5.52,1797.38
58314,7.92,45,46.24,49.2,15.18,16.09,16.05,1.42233,14,5.69,1797.83
58597,0.02,34.35,35.51,38.34,16.09,16.46,17.58,1.4248,13.05,3.23,1796.78
58599,0.02,36.24,35.88,40.32,15.12,14.67,16.01,1.42705,13.09,6.04,1797.39
58601,0.02,37.38,37.27,42.39,15.68,15.41,16.38,1.4133,13.12,4.1,1798.31
58705,-8.76,36.2,38,42.44,15.23,16.11,16.27,1.4406,13.04,7.19,1796.34
58706,-8.59,35.97,37.81,41.65,15.06,16.55,16.26,1.44495,13.93,7.23,1796.42
58707,-8.14,35.12,37.35,40.8,14.79,15.8,15.93,1.44392,14.64,8.34,1796.1
58708,-7.92,34.31,36.56,40.12,13.62,14.26,14.5,1.44451,15.55,10.4,1796.22
58709,-7.7,33.86,35.78,39.15,15.02,14.68,15.39,1.44456,14.48,8.21,1796.22
58710,-7.63,34.84,35.92,39.71,14.76,14.84,15.32,1.44036,14.62,8.3,1796.09
58711,-7.36,33.96,36.28,39.21,15.05,16.39,15.95,1.43575,13.62,6.59,1795.88
58712,-7.22,34.1,36.49,39.44,15.03,15.62,15.72,1.44495,13.34,6.69,1796.56
58726,-4.73,38.34,37.39,43.15,17.38,16.16,17.36,1.43039,13.38,4.36,1795.95
58728,-4.55,39.65,37.59,43.72,16.35,15.61,16.51,1.44378,13.56,5.99,1796.32
58729,-4.49,38.23,37.02,42.92,15.17,14.94,15.7,1.44475,13.86,8.33,1796.64
58730,-4.28,37.45,36.38,41.49,14.5,14.16,14.89,1.44475,14.3,8.52,1796.18
58731,-4.23,37.39,36.77,41.21,15.93,15.96,16.35,1.44404,13.91,6.59,1796.23
58733,-3.95,38.37,38.48,43.2,16.52,16.69,17.4,1.40756,13.01,3.99,1796.36
58754,-4.25,38.36,39.08,44.76,17.53,17.66,18.66,1.43723,13.17,4.45,1796.3
59582,6.56,44.56,45.8,56.67,15.8,15.26,17.74,1.37455,13.77,3.72,1797.07
59583,6.56,45.5,44.95,56.65,16.12,14.94,17.85,1.44081,14.29,5.83,1796.86
59584,6.5,45.97,44.55,56.24,15.74,14.89,17.49,1.442,14.25,5.48,1796.28
59585,6.51,46.31,44.72,56.42,15.43,14.34,17.27,1.445,14.15,6.25,1796.71
59587,6.43,47.07,44.35,56.2,15.82,14.35,16.78,1.41304,13.35,3.37,1797.06
59593,6,47.64,43.77,53.14,14.75,14.07,15.09,1.41231,14.73,5.42,1796.3
59594,6.15,47.73,44.21,53.34,15.35,14.78,16.2,1.41383,13.76,4.42,1796.52
59595,5.92,47.55,44.08,53.08,14.55,13.91,15.16,1.42436,14.31,5.21,1797.24
59596,5.89,47.68,44.07,52.96,15.28,14.05,15.31,1.41192,13.63,4.94,1796.37
59597,5.81,47.37,43.36,51.28,15.12,13.55,14.58,1.44361,15.31,7.15,1796.21
59599,5.46,49.57,44.07,52.1,15.78,14.15,15.31,1.42768,14.35,5.22,1796.71
59600,5.5,49.31,44.4,51.62,15.47,14.3,15.34,1.32426,13.17,3.35,1794.72
60873,-1.13,43.28,40.66,44.67,15.71,15.2,16,1.43913,13.7,5.05,1796.15
60874,-1.19,42.65,40,44.08,14.12,13.58,14.3,1.44089,14.71,8.03,1796.89
60875,-1.2,41.24,39.09,43.49,14.08,13.65,14.32,1.44097,14.34,7.22,1796.98
60876,-1.24,40.91,37.97,42.98,14.14,13.1,14.1,1.44107,14.83,8.41,1796.98
60877,-1.3,40.29,37.4,42.77,13.58,12.88,13.87,1.44011,15.44,8.54,1796.89
60881,-1.36,36.99,35.9,40.01,12.67,12.93,13.69,1.44065,15.7,9.21,1796.8
60882,-1.76,37.07,36.6,40.64,13.78,14.37,14.67,1.44115,14.32,6.75,1796.48
60883,-2.08,37.06,36.69,40.58,13.12,13.28,13.57,1.44051,15.17,9.01,1797.07
60886,-2.33,36.95,35.21,38.58,16.01,14.34,14.72,1.44069,13.27,5.65,1796.54
60887,-2.82,38.2,36.01,39.84,15.5,13.47,14.09,1.44074,13.39,6.34,1796.88
60889,-3.19,40.71,36.62,40.35,16.25,14.12,14.64,1.44068,13.19,5.91,1796.72
60890,-3.2,40.91,36.5,40.41,16.45,14.02,14.68,1.43943,13.79,6.73,1796.89
60891,-3.15,42.46,36.95,40.96,17.64,14.93,15.58,1.43976,13.18,5.06,1796.79
62291,11.35,43.99,39.49,45.63,13.93,11.19,13,0.8844,14.32,26.77,1316.98
62515,11.04,47.62,47.58,49.51,16.97,17.2,16.59,1.44211,13.15,1.9,1797.16
62516,11.37,48.05,47.89,50.06,15.73,15.93,15.71,1.44145,13.94,4.87,1796.67
63359,5.1,40.66,37.61,44.01,14.2,13.65,14.79,1.39424,14.18,4.49,1797.23
63361,4.57,39.4,37.22,43.43,13.22,13.38,14.1,1.43907,14.65,8.4,1795.65
63362,4.2,40.42,38.05,44.08,14.01,14.02,14.76,1.44014,14.36,6.11,1796.71
63363,4.26,41.21,39.8,45.58,14.8,14.68,15.25,1.43873,13.88,5.06,1796.77
63364,4.16,41.9,40.06,46.03,14.18,13.97,14.6,1.43966,14.72,7.09,1796.32
63365,4.12,43.01,40.9,46.75,14.93,15.01,15.24,1.43321,13.69,4.79,1796.64
63366,3.95,43.78,41.44,47.05,15.19,14.58,15.22,1.42347,13.24,5.15,1796.35
63367,3.74,43.95,40.82,46.97,14.31,12.75,14.05,1.43857,14.61,8.46,1796.14
63368,3.56,43.86,40.23,46.79,14.46,12.78,14.26,1.4393,14.21,8.11,1795.86
63369,3.46,44,40.29,46.98,14.22,12.88,14.4,1.43915,14.6,8.34,1796.42
63370,3.4,44.05,40.09,46.99,14.31,12.46,14.2,1.43941,15.1,8.77,1796.19
63371,3.45,44.03,40.14,46.98,13.98,12.98,13.98,1.43996,15.48,8.82,1796.8
63372,3.58,44.02,40.22,46.77,14.11,13.22,13.87,1.43911,15.14,8.62,1796.17
63373,3.28,45.6,41.57,47.15,15.82,14.8,15.11,1.43947,13.19,5.54,1796.48
63374,3.26,45.99,42,47.07,14.74,14.14,14.32,1.44014,14.24,6.95,1796.93
63375,3.31,46.08,42.15,47.06,14.74,13.62,14,1.43942,15.01,7.7,1796.34
63376,3.3,45.99,41.95,47.01,14.77,13.8,14.35,1.43925,14.58,7.09,1796.35
63377,3.09,46.05,42.63,47.13,14.98,14.6,14.81,1.43985,13.46,6.02,1796.34
63378,2.91,46.03,43.14,47.37,14.34,14.54,14.62,1.43959,14.55,7.18,1796.64
63379,2.89,46.02,43.01,47.21,14.41,13.41,13.92,1.4409,15.03,8.38,1797.38
63388,2.8,40.84,39.94,43.83,13.04,13.3,13.69,1.4388,15.36,9.06,1795.58
63422,4.87,15.53,15.29,19.04,13.08,14.41,14.65,1.42915,15.61,7.83,1795.17
63423,5.29,17.76,17.95,21.41,12.29,13.63,13.97,1.44034,15.83,9.33,1795.92
63430,6.4,27.43,30.64,33.26,12.26,14.95,13.9,1.41864,14.88,7.49,1796.16
63431,6.27,29.42,33.05,35.21,13.41,15.42,14.84,1.43422,13.69,6.05,1796.4
63432,6.39,30.07,33.91,36.35,12.48,14.13,13.79,1.44007,15.94,9.25,1796.66
63433,6.75,30.75,34.37,36.8,12.59,14.33,13.69,1.44047,15.93,9.22,1796.22
63436,7.12,33.1,37.11,37.95,13.02,14.79,13.81,1.43836,15.3,7.94,1795.9
63437,7.25,34.15,37.64,38.95,13.73,14.96,14.38,1.42124,15.03,6.13,1796.12
63440,7.49,35.92,38.52,40.41,13.47,15.1,14.65,1.43584,14.49,6.26,1796.27
63441,7.58,36.42,39.88,41.25,13.39,14.99,14.54,1.43754,14.72,6.63,1796.42
63443,8.01,36.96,40.61,42.66,13.49,15.34,14.61,1.42214,14.31,5.77,1795.78
63444,8.06,37.09,40.46,42.65,13.28,14.58,14.45,1.43614,14.82,6.67,1795.63
63445,8.02,37.52,40.8,43.2,13.63,14.8,14.38,1.43518,14.4,5.7,1796.6
63446,8.08,38.39,40.99,43.51,13.71,14.26,14.16,1.36758,13.19,3.81,1796.04
63447,8.01,38.14,40.5,43.38,13.61,13.64,14.25,1.4388,14.79,6.93,1796.22
63449,7.97,40.57,41.12,44.57,14.93,14.52,14.9,1.41456,13.43,4.52,1795.94
63450,8.23,40.26,41.06,44.15,13.46,14.01,13.9,1.44081,15.52,7.61,1795.89
63451,8.31,40.89,42.6,45.47,15.01,15.65,15.53,1.40788,13.38,3.2,1795.53
63452,8.25,41.28,43.14,46.03,14.44,15.28,14.7,1.44173,15.04,6.42,1796.45
63570,8.91,40.83,40.71,47.66,13.91,14.89,15.67,1.43011,13.89,4.88,1796.1
63577,9.81,41.42,44.1,47.95,13.65,15.95,15.37,1.41319,13.72,4.12,1796.46
63578,9.77,41.56,44.59,48.01,13.93,15.42,15.09,1.40748,13.77,4.72,1796.29
63580,10.18,43.13,45.35,48.92,13.76,14.89,14.72,1.36417,13.63,3.6,1792.21
63581,10.25,42.92,44.98,48.49,14.1,15.35,15.39,1.41591,13.43,4,1796.5
63582,10.38,43.08,45.94,48.76,13.79,15.52,15.1,1.43249,14.3,5.3,1796.74
63584,10.28,43.2,45.79,48.3,14.39,15.26,15.18,1.42367,13.65,4.31,1796.23
63586,10.48,43.61,45.82,48.91,13.78,14.72,14.7,1.43027,13.88,5.37,1797.08
63587,10.75,43.29,45.94,48.36,13.45,15.06,14.56,1.4346,14.29,5.62,1796.23
63588,10.8,43.22,46.11,48.18,13.49,15.14,14.55,1.43649,14.42,5.71,1796.84
63589,10.8,43.18,46.23,48.05,13.63,15.6,14.83,1.4052,13.6,3.8,1796.77
63590,10.71,43.13,46.24,48.05,13.31,14.59,14.19,1.42711,13.99,5.8,1796.43
63593,10.72,43.96,46.95,48.81,14.38,16.19,15.5,1.43439,13.19,3.8,1796.17
63595,10.65,44.46,47.94,49.97,14.31,16.01,15.23,1.41781,13,3.01,1796.85
63596,10.76,44.25,48.13,50,14.15,16.21,15.22,1.3947,13.24,2.96,1795.99
64149,21.02,47.44,46.7,51.48,13.03,12.56,14.15,1.43974,14.84,7.29,1796.42
64150,21.33,47.23,46.58,51.27,13.06,13.12,14.27,1.38761,14.42,4.77,1795.54
64153,21.53,49.96,47.93,53.97,13.7,13.2,14.71,1.43742,14.06,5.63,1796.72
64154,21.65,50.04,48.37,54.18,14.19,14.02,15.11,1.42524,13.33,3.38,1796.41
64155,21.7,50.7,48.84,55.59,14.52,13.9,15.26,1.42816,14.22,3.24,1796.29
64156,21.76,50.96,48.98,55.93,14.26,13.54,14.92,1.43673,13.34,4.29,1796.58
64157,21.74,51.16,49.52,56,14.34,13.89,14.99,1.42706,14.01,3.68,1796.37
64158,21.8,51.37,50.02,56.02,13.81,13.69,14.47,1.42721,13.63,4.35,1796.69
64159,21.84,51.84,50.27,56.3,14.18,14.29,15.11,1.4228,14.11,3.43,1795.77
64160,21.73,52.87,50.59,56.54,14.48,13.82,14.73,1.42054,13.25,4.14,1796.46
64161,21.77,53,50.42,56.4,14.08,13.33,14.33,1.41866,14.27,4.68,1797.09
64162,21.94,53.1,50.97,56.87,14.45,14.45,15.16,1.40845,14.17,3.41,1796.34
64163,22.1,53.56,51.83,57.26,14.73,15.07,15.55,1.38697,13.07,2.49,1796.3
64178,20.5,55.44,52.95,57.52,15.74,15.16,16.17,1.39825,13.12,1.24,1796.64
64179,20.45,56.95,53.85,58.25,15.52,15.3,15.79,1.42201,13.28,2.4,1796.75
64181,20.12,57.95,54.85,59.79,15.82,14.73,15.41,1.3821,13.02,3.08,1792.93
64200,16.71,38.18,36.29,40.32,14.18,13.58,14.38,1.43546,13.74,6.07,1796.08
64209,14,51.64,47.76,52.47,18.16,15.83,16.93,1.42112,13.49,1.78,1796.25
64210,14,54.52,49.31,53.9,17.82,15.63,16.39,1.43427,13.82,2.65,1796.3
64211,14.08,56.79,50.21,55.18,17.9,15.85,16.4,1.43401,14.14,3.33,1796.41
64212,14.02,57.9,51.37,56.4,17.72,16.1,16.48,1.43481,13.04,3.59,1796.03
64272,12.4,49.88,46.37,53.48,15.81,15.07,16.75,1.41192,13.15,1.86,1796.89
64273,12.72,49.9,46.81,53.8,14.66,14.84,15.82,1.40126,13.5,4.02,1796.34
64275,13.03,49.95,47.48,53.97,14.48,15,15.74,1.41542,13.57,4.74,1796.24
64276,13.13,50.01,48.42,54.56,14.67,15.3,15.6,1.43514,14.21,5.35,1796.64
64277,13.14,49.81,48.11,53.81,13.76,14.54,14.63,1.43888,14.52,6.95,1796.44
64278,13.38,49.98,49.2,54.2,13.94,15.12,15.1,1.43612,15.41,6.75,1796.75
64279,13.46,49.47,49.34,53.92,13.08,14.44,14.13,1.44092,14.8,8.12,1796.73
64280,13.43,48.52,49.57,53.78,12.93,14.52,14.21,1.44105,14.99,7.67,1796.65
64281,13.56,48.79,50.01,53.84,13.77,15.11,14.96,1.43992,14.51,6.55,1796.11
64282,13.68,48.44,49.72,53.79,13.18,14.26,14.46,1.43718,15.42,7.4,1796.12
64283,13.76,48,49.91,53.85,12.58,14.62,14.51,1.43945,15.36,7.76,1796.47
64284,13.6,47.82,50,53.69,12.52,14.52,14.33,1.43475,15.02,7.61,1796.19
64285,13.73,47.97,50.6,53.99,13.33,15.39,15.03,1.43599,14.3,5.88,1796.8
64286,13.67,48.16,50.97,54.2,13.34,15.12,14.81,1.42719,14.17,5,1796.28
64287,13.82,47.86,50.61,53.77,12.43,14.54,13.83,1.44014,15.57,7.82,1796.42
64288,13.92,48.13,51,54.21,13.96,15.24,15.22,1.42048,13.5,4.62,1796.24
64289,13.83,49.07,51.25,54.6,13.96,14.76,14.83,1.42758,14.34,6.11,1796.53
64290,13.73,48.84,50.86,54.08,13.43,14.2,14.12,1.43511,14.95,7.2,1796.48
64291,13.93,48.79,51.21,54.08,13.76,15.37,14.81,1.43923,14.57,6.1,1796.31
64292,13.8,48.81,51.27,54.15,13.69,15.18,14.84,1.43795,14.35,6.45,1796.25
64293,13.64,49.93,52.44,54.91,14.28,15.4,15.03,1.41014,13.4,3.81,1796.77
64294,13.7,50.07,51.95,55.11,14.46,14.75,14.95,1.42571,13.82,4.72,1795.84
64295,13.54,50.15,51.34,54.95,14.48,14.58,14.81,1.43216,13.79,4.47,1796.38
64297,13.43,50.14,51.3,54.38,14.2,15.26,14.83,1.42032,13.67,4.44,1797.01
64303,12.84,50.83,51.72,55.42,14.37,14.5,14.79,1.38914,13.24,4.42,1796.94
64409,2.2,41.71,40.98,48.88,15.51,16.13,17.72,1.42813,13.27,4.01,1796.54
64410,2.54,42.7,43.21,50.36,15.12,16.83,17.44,1.43238,13.91,4.31,1797.02
64411,2.8,41.11,43.06,49.52,13.43,15.95,15.97,1.44061,14.45,6.76,1796.12
64413,3.15,41.13,43.69,49.77,14.08,15.65,16.13,1.41122,13.47,4.13,1796.58
64414,3.34,41,43.17,49.38,13.72,14.28,15.42,1.44059,14.49,6.47,1796.98
64415,3.57,40.88,42.83,48.66,14.19,15.44,15.79,1.40056,13.78,4.83,1796.46
64416,3.6,41.09,43.58,49.02,13.96,15.38,15.59,1.42466,14.1,5.48,1796.47
64419,4.45,40.48,43.17,47.25,13.65,14.85,14.83,1.43779,15.6,7.57,1796.18
64420,4.47,40.14,42.06,46.81,13.03,13.94,13.98,1.44064,15.76,8.77,1796.34
64421,4.58,40.24,42.63,46.67,13.82,15.22,14.9,1.43668,14.72,6.68,1796.45
64422,4.6,40.9,43.49,47.11,14.32,15.61,15.44,1.43394,14.52,5.1,1796.62
64423,4.68,40.96,43.27,47.09,13.61,14.26,14.3,1.43687,14.78,7.01,1796.74
64424,4.78,40.78,43.24,46.86,13.5,15.18,14.47,1.44024,14.84,6.34,1796.45
64425,4.81,40.97,43.82,47.07,14.68,15.94,15.71,1.44041,13.27,4.35,1796.56
64426,4.91,41.16,43.94,47.12,14.35,15.07,15.02,1.34189,13.12,2.61,1794.2
64427,5.14,41.29,43.98,47.02,14.3,15.49,15,1.38058,13.78,4.02,1795.15
64428,5.34,42.25,44.89,47.27,14.91,15.89,15.57,1.4201,13.58,3.93,1796.61
64430,5.54,43.08,45.64,47.71,15.43,16.23,16.09,1.43005,13.36,4.23,1795.93
64432,5.91,43.25,44.84,47.49,13.8,14.43,14.43,1.43763,15.89,8.49,1795.87
64433,6.04,42.96,45.55,47.43,13.76,15.59,14.84,1.43628,15.39,7.3,1796.45
64434,6.2,42.1,45.01,47.02,13.49,15.42,14.5,1.41095,14.83,5.85,1796.27
64460,6.04,11.96,10.3,14.19,13.44,12.91,13.86,1.44062,15.25,9.37,1795.7
64463,7.74,19.59,18.69,22.37,12.85,13.83,13.99,1.44016,15.13,8.48,1795.74
64465,8,23.25,22.52,26.9,13.41,13.98,14.24,1.43633,14.16,7.29,1796.05
64466,8.14,26.08,25.55,29.72,14.74,14.74,15.18,1.43413,13.12,4.91,1796.26
64863,10.03,45.3,44.89,51.46,15.09,15.52,16.49,1.4089,13.17,2.53,1796.02
64868,10.22,44.97,45.21,50.34,14.04,14.35,14.91,1.38677,13.22,3.07,1796.83
64869,10.24,45.67,46.06,50.84,14.49,15.46,15.75,1.41317,13.83,4.08,1796.24
64871,10.16,45.81,46.85,50.85,14.26,15.86,15.53,1.43772,14.17,4.09,1797.05
64872,10.02,45.9,47.3,50.98,14.39,15.63,15.35,1.41265,13.28,3.92,1796.32
64880,9.62,45.71,46.21,49.79,13.41,14.3,14.18,1.42235,14.19,6.05,1796.56
64881,9.41,45.28,46.17,49.58,13.77,14.53,14.83,1.41703,14.5,5.54,1795.61
64883,8.97,45.84,47.03,50.24,14.76,16.45,15.92,1.40445,13.38,2.61,1796.26
64885,8.57,46.06,46.95,50.25,14.04,14.8,14.8,1.34039,13.02,3.52,1793.09
64887,9.08,44.93,46.86,49.63,12.93,14.23,14.01,1.43719,14.76,8.13,1796.74
64888,8.81,44.02,46.17,48.64,12.88,14.15,14.25,1.43994,15.46,7.89,1796.7
64889,8.64,44.32,46.76,49.54,13.53,14.79,14.37,1.44077,15.11,7.4,1796.75
64890,8.54,44.63,46.88,49.1,14.15,15.62,15.13,1.42241,14.13,4.78,1796.45
64892,8.14,44.18,47.25,49.11,13.41,15.63,14.56,1.44165,14.95,6.35,1796.77
64893,8.07,44.5,47.97,49.41,13.61,15.85,14.53,1.43164,14.74,6.24,1796.16
64894,7.91,45.08,48.85,49.82,14.57,16.67,15.58,1.42327,13.2,3.88,1796.58
64895,7.72,45.83,48.71,50.06,14.36,15.75,15.08,1.44136,14.11,5.97,1796.96
64896,7.7,45.81,49.54,50.28,14.75,17.01,15.81,1.44025,14.09,5.09,1796.11
64897,7.63,45.91,49.76,50.35,14.08,15.96,14.81,1.42836,14.46,5.22,1796.46
64985,8.2,34.24,33.73,45.5,13.6,13.51,18.65,1.41414,14.86,8.49,1796.77
64986,8.91,35.49,33.94,45.95,14.09,13.35,17,1.43991,14.66,7.68,1796.03
64987,9.45,36.15,34.2,46.28,13.71,12.94,16.27,1.44209,15.56,8.25,1796.36
64988,9.81,36.1,34.48,46.28,12.85,13.02,15.76,1.44086,15.62,7.72,1796.54
64989,9.98,36.44,35.84,46.34,12.88,13.35,15.23,1.44097,15.27,6.98,1796.82
64990,10.35,36.86,36.66,46.8,13.35,14.56,16.27,1.43952,15.23,6.44,1796.13
64991,10.53,37.45,37.69,47.63,14.26,15.11,16.82,1.43509,13.91,4.95,1796.36
64992,10.73,38.2,38.81,47.99,14.26,15.18,16.28,1.43485,14.4,4.09,1796.62
64993,10.87,38.02,39.67,47.66,12.63,14.62,14.81,1.44057,14.58,7.77,1796.83
64994,11.16,38.08,40.49,47.52,12.93,15.34,14.96,1.40623,14.31,5.89,1796.16
64995,11.4,38.51,41.4,47.57,13.38,15.51,15.32,1.42723,13.86,5.48,1796.27
64996,11.58,39.65,41.7,47.74,13.37,14.69,14.85,1.44109,14.6,6.52,1796.7
64997,12.07,39.94,42.88,47.87,14.18,16.19,15.92,1.43237,14.33,3.91,1795.85
65002,12.71,38.31,42.53,46.32,12.4,14.89,14.23,1.44169,15.11,7.55,1795.55
65003,12.86,38.36,42.32,46.08,12.13,13.63,13.55,1.44073,15.69,9.07,1796.19
65004,12.86,39.73,42.4,46.63,13.7,14.16,14.79,1.43925,14.67,6.6,1795.42
65005,13.04,40.93,43.21,47.25,14.23,14.98,15.32,1.41524,13.62,3.77,1795.87
65006,13.13,41.39,43.77,47.56,13.76,14.61,14.5,1.41084,14.8,5.45,1796.07
65007,13.48,41.48,43.94,47.29,13.11,14.51,13.84,1.37133,14.15,5.24,1795.85
65008,13.47,42.29,45.91,47.67,14.27,16.43,15.18,1.39787,13.61,3.93,1795.59
65009,13.6,42.86,46.41,47.64,13.42,15.3,14.15,1.34502,13.26,3.25,1795.83
65014,14.23,43.53,46.18,47.84,13.42,14.83,14.26,1.43671,13.92,6.11,1795.36
65015,14.26,44.14,46.81,48.77,13.91,15.02,14.66,1.35807,13.17,2.6,1796.6
65016,14.42,44.12,46.43,48.2,14.28,14.71,14.54,1.42645,13.53,4.91,1796.09
65025,15.39,46.69,46.8,49.88,14.58,14.87,14.94,1.35033,13.18,1.99,1796.12
65028,15.64,47.49,47.95,50.92,14.94,15.64,15.35,1.3973,13.37,2.67,1796.24
65029,15.83,47.4,47.83,50.84,14.82,15.11,15.15,1.41368,13.02,3.68,1796.05
65038,15.32,48.41,48.21,51.61,14.81,15.45,15.28,1.42921,13.14,3.7,1795.96
65175,12.75,46.01,45.91,50.91,15.35,16.18,17.05,1.41118,13.49,2.49,1796.25
65271,9.45,42.03,40.84,50.21,14.58,15.2,16.56,1.38255,13.99,3.02,1796.23
65276,10.37,43.09,43.73,50.55,14.3,15.52,16.25,1.42152,13.71,4.23,1796.35
65278,10.66,43.87,44.25,50.8,14.14,15.06,15.63,1.41112,13.4,3.94,1796.45
65279,10.99,44.2,45.79,51.63,14.97,16.21,16.62,1.4124,13.77,3.37,1796.44
65280,11.15,44.04,46.3,51.79,13.5,15.58,15.46,1.43529,14.33,5.66,1797.06
65281,11.55,43.9,46.76,51.33,13.6,16.3,15.62,1.43798,14.66,5.61,1795.76
65282,11.58,44.18,47.55,51.53,14.14,16.24,15.79,1.3836,13.19,1.89,1796.83
65285,11.85,45.9,47.56,52.04,14.84,15.96,16.17,1.39949,13.51,2.48,1796.8
65286,12.06,46.16,47.82,52.55,14.86,15.8,16.15,1.36792,13.07,1.8,1796.4
65287,12.2,45.95,47.67,52.28,14.11,15.67,15.5,1.4128,13.68,4.84,1795.96
65288,12.41,46.15,48.92,52.95,14.42,16.57,15.85,1.42797,14.22,5.04,1795.72
65292,13.05,46.72,48.09,51.74,14.54,15.32,15.28,1.40446,13.9,4.55,1796.3
65551,17.57,46.71,55.16,63.87,17.27,18.59,24.42,1.34965,13.18,2.64,1796.42
65554,19.22,49.93,53.66,64.35,15.76,15.78,18.94,1.38953,13.53,3.19,1796.39
65556,19.95,50.16,52.65,63.79,14.24,14.13,17.32,1.43392,14.48,6.42,1796.41
65557,20.4,50.34,52.01,63.24,14.53,14.26,16.9,1.41425,13.68,3.87,1795.77
65558,20.74,50.46,51.93,62.87,14.07,14.35,16.55,1.43173,14.8,4.73,1797.14
65559,20.91,50.59,52.09,62.89,13.99,14.52,16.7,1.40216,13.23,3.8,1796.2
65560,21.29,50.81,52.66,62.83,14.29,14.86,16.65,1.38827,13.22,2.77,1796.17
65561,21.64,50.85,52.5,62.26,13.5,14.5,16.11,1.4363,14.49,4.9,1795.88
65562,21.93,50.59,52.68,61.49,13.09,14.42,15.64,1.44045,14.91,6.23,1796.4
65563,22.26,50.32,52.65,60.97,13.15,14.89,15.69,1.42692,15.15,5.49,1795.9
65564,22.43,50.37,53.24,60.92,13.07,15.1,15.39,1.43684,14.81,6.81,1795.79
65567,22.93,50.39,52.88,59.04,12.94,14.05,14.54,1.44121,15,6.71,1796.28
65568,23.21,50.59,53.44,59.27,13.57,15.21,15.4,1.42361,14.33,4.63,1795.55
65569,23.36,50.99,54.14,59.94,13.96,15.6,15.73,1.41846,14.52,4.24,1796.09
65570,23.46,50.98,53.9,59.62,12.94,14.19,14.58,1.40784,14.58,6.26,1795.38
65571,23.7,51.13,54.68,59.87,13.82,15.75,15.72,1.41831,14.28,3.67,1795.28
65572,23.79,51.54,55.54,59.91,13.61,15.73,15.2,1.43349,15.05,4.78,1795.97
65573,23.79,51.99,55.67,59.82,13.49,15,14.77,1.39908,13.57,4.27,1795.68
65574,23.95,52.06,55.08,59.34,13.39,14.2,14.55,1.39946,13.6,4.06,1795.74
65575,24.16,52.69,55.55,59.54,13.29,14.99,14.71,1.42755,15.21,5.71,1796.06
65576,24.19,52.08,55.62,59.06,13.11,15.39,15.04,1.43523,13.9,5.07,1795.09
65577,24.23,52.03,56.36,59.11,12.97,15.8,14.72,1.43153,15.67,5.78,1796.26
65578,24.34,51.81,56.32,58.79,12.44,14.49,13.92,1.41204,14.41,6.14,1795.38
65579,24.43,51.76,56.27,58.79,13.26,14.9,14.89,1.38121,14.09,4.06,1791.01
65580,24.58,53,56.45,59.96,14.04,14.85,15.46,1.4303,14.02,4.1,1795.01
65581,24.71,53.1,56.35,59.97,13.58,14.7,14.96,1.41353,14.48,5.15,1794.47
65582,24.75,53.07,56.01,59.89,13.08,13.8,14.43,1.37141,13.6,3.95,1796
65583,24.68,52.97,54.95,58.6,12.69,13.81,13.98,1.44064,15.26,7.86,1794.95
65584,23.94,53.32,55.57,59.66,13.41,13.88,14.65,1.08471,13.46,12.97,1573.41
65585,24.63,53.03,54.03,58.45,12.58,13.03,13.62,1.4115,15.2,7.13,1794.44
65586,24.93,52.23,53.34,57.62,11.21,11.45,11.79,1.14825,14.85,9.36,1795.39
65587,24.95,52.94,53.39,57.59,13.27,13.26,13.95,1.38356,15.18,6.27,1794.87
65591,24.26,52.96,52.42,56.71,13.02,12.87,13.52,1.41747,14.97,6.62,1796.26
65592,24.44,52.62,51.17,56.14,12.05,12.1,12.51,1.23073,13.18,4.02,1794.54
65593,24.29,52.97,52.21,56.67,13.51,13.39,13.88,1.43431,14.66,6.53,1795.36
65595,24.29,50.85,51,54.87,9.88,11.31,10.82,1.17322,15.84,11.88,1795.54
65597,24.21,50.18,50.57,54.06,11.21,12.22,12.32,1.22739,15.4,9.51,1795.47
65598,24.11,50.52,50.81,54.35,12.15,12.36,12.74,1.25272,14.56,8.59,1796.61
65600,23.43,52.15,52.29,56.05,13.25,14.12,14.06,1.26452,13.54,4.72,1796.09
65601,23.41,52.8,53.13,56.32,12.82,14.18,13.68,1.33676,13.87,5.81,1796.3
65602,23.09,52.4,53.02,56.05,12.26,13.21,12.65,1.28036,13.87,7.27,1796.32
65603,22.85,53.1,53.95,56.73,14,15.09,14.64,1.35233,13.46,3.69,1795.35
65604,22.79,53.9,55.25,57.27,14.22,15.19,14.76,1.3681,13.36,3.25,1796.39
65606,22.42,56.39,56.07,58.12,14.32,14.86,14.75,1.36853,13.57,4.04,1796.45
65607,22.45,56.49,56.16,58.05,13.93,14.94,14.48,1.38097,13.86,3.98,1796.1
65850,21.7,50.51,50.67,57.37,14.24,14.58,16.14,1.41293,13.01,3.66,1796.3
65851,22.17,50.38,50.38,57.44,12.95,13.36,14.86,1.44132,15.05,6.69,1796.89
65852,22.57,50.49,50.53,57.39,13.49,14.1,15.2,1.42323,13.56,4.54,1795.91
65854,23.4,50.15,50.42,57.07,13.29,14.24,15.23,1.43797,13.73,5.76,1795.67
65855,23.51,50.62,50.9,57.48,13.34,13.91,15.05,1.43882,14.57,5.66,1795.13
65858,23.93,52.66,51.22,57.75,13.63,13.71,14.62,1.33805,13.06,1.89,1795.89
65859,24.02,52.76,51.86,58.01,14.19,14.37,15.42,1.4125,13.3,3.21,1794.87
65862,24.64,52.35,50.9,57.11,13.37,13.47,14.5,1.43496,14.04,4.82,1795.91
65863,25.03,52.65,51.41,57.21,13.07,13.89,14.06,1.37496,13.69,3.75,1794.44
65866,25.61,53.48,53.23,58.01,13.13,13.8,13.8,1.38834,13.71,4.16,1796.06
65869,26.46,53.8,53.11,57.57,12.74,13.69,13.42,1.29117,13.41,3.35,1792.32
65872,26.86,54.21,54.03,57.91,13.47,14.61,14.37,1.38627,13.22,2.82,1795.18
65876,27.45,55.77,54.47,58.22,13.52,14.29,14.36,1.37847,13.57,3.65,1795.9
65877,27.52,54.05,54.12,57.82,12.27,13.52,13.2,1.19611,14.36,5.77,1796.48
65878,27.61,53.87,54.68,57.77,12.48,14.08,13.63,1.16904,13.04,4.9,1794.97
65879,27.66,54.69,55.15,58.03,12.7,13.84,13.47,1.16805,13.55,4.09,1795.91
66032,17,56.86,58.87,60.19,14.09,16.79,15.49,1.44231,13.01,5.38,1795.75
67172,23.94,49.42,52.12,53.8,13.58,15.75,15.1,1.41267,13.14,4.65,1795.66
67893,28.89,51.67,48.38,54.01,14.82,13.86,15.41,1.38943,13.23,1.48,1796.47
68309,21.22,50.14,50.92,56.96,13.68,14.65,15.19,1.42439,13.19,5.82,1795.84
68313,21.15,50.62,50.9,56.66,13.5,13.89,14.69,1.41888,13,6.01,1796.69
68428,12.69,50.39,49.64,53.59,12.56,13.46,13.36,1.44136,13.39,10.26,1796.18
68431,13.37,50.36,50.49,53.94,12.8,13.75,13.51,1.44098,13.7,9.7,1796.45
68432,13.64,48.69,49.13,52.95,10.51,12.33,12.05,1.44102,15.86,13.6,1796.15
68433,13.6,47.78,48.45,52.02,11.05,12.99,12.49,1.44156,15.04,12.96,1795.61
68434,13.73,47.28,48.26,51.68,11.76,13.42,13.35,1.44031,15.08,10.72,1795.08
68435,13.85,47.14,48.8,51.96,11.45,13.57,13.2,1.4404,15.28,11.1,1796.5
68436,13.93,47,49.05,52.09,11.16,13.63,13.07,1.44007,14.92,11.75,1795.74
68437,13.87,46.74,48.78,51.25,10.48,12.95,12.48,1.44071,15.41,13.18,1795.99
68438,13.93,46,47.86,50.79,10.34,12.21,12.19,1.44047,14.98,13.95,1795.46
68439,13.88,46.66,48.7,51.79,12.87,14.57,14.56,1.43937,13.74,8.23,1795.23
68440,14.15,46.98,49.74,52.71,12.46,14.22,13.97,1.433,14.7,9.2,1796.11
68441,14.1,46.79,49.21,51.99,11.59,13.61,13.18,1.4405,13.79,11.1,1795.31
68442,14.05,46.98,50.28,52.87,12.69,14.84,14.12,1.44015,14.31,8.65,1796.9
68443,14.14,46.95,50.08,52.54,11.58,13.69,13.01,1.44038,14.59,11.71,1795.88
68444,13.13,46.84,49.45,51.44,11.92,12.8,13.02,1.19041,13.83,20.63,1568.68
68445,13.84,47,48.16,52.17,12.8,12.53,13.37,1.43903,14.48,9.96,1795.24
68449,14.26,45.65,46.72,50.03,11.23,12.18,12.55,1.43967,14.26,11.75,1795.76
68451,14.44,44.85,46.19,49.95,11.75,12.35,13.04,1.43669,14.76,11.04,1795.29
68452,14.58,45.89,46.51,50.4,12.07,12.71,13.46,1.43283,14.68,10.02,1794.92
68453,14.63,45.6,46.32,50.08,10.85,11.65,12.1,1.43999,15.98,13.65,1795.61
68454,14.77,44.37,46.04,49.99,10.97,12.22,12.75,1.43907,15.83,12.87,1794.7
68456,14.97,46.02,47.48,51.01,12.33,13.65,13.62,1.43956,14.56,9.85,1795.06
68457,15.07,45.94,46.96,50.5,11.2,12.1,12.29,1.43915,15.4,13.08,1794.85
68458,15.18,45.78,46.55,50.25,11.3,11.85,12.4,1.43916,15.71,13.21,1794.7
68459,15.1,45.93,46.43,50.3,11.69,11.98,12.62,1.4392,15.11,12.41,1795.37
68460,15.12,45.28,46.06,50,11.09,11.91,12.32,1.43877,14.71,12.67,1794.77
68461,15.16,45.65,46.66,50.15,11.76,13.35,13.3,1.43961,15.48,10.97,1795.64
68462,15.24,45.03,46.53,50.16,10.61,11.85,12.21,1.43918,15.52,14.16,1795.37
68463,15.27,44.57,46.11,50,11.27,12.34,12.61,1.43792,14.35,11.46,1794.67
68464,15.28,44.21,46.06,49.82,10.48,11.78,11.84,1.43943,15.3,14,1795.25
68465,15.2,44.19,46.18,49.96,11.57,12.75,12.95,1.43906,14.89,12.16,1794.69
68466,15.27,44.51,46.18,49.93,11.65,12.64,12.88,1.43938,15.21,11.82,1794.42
68468,15.25,46.49,46.99,50.98,12.34,12.45,13.08,1.44085,15.08,10.39,1796.05
68469,15.55,46.12,46.67,50.51,12.14,12.53,12.8,1.44113,14.03,10.24,1795.76
68470,15.28,46.45,46.76,50.59,11.93,12.38,12.68,1.42825,14.37,10.97,1794.93
68471,15.35,46,46.07,50.01,11.41,11.73,12.13,1.43548,15.35,12.84,1796.06
69098,20.5,49.67,46.41,49.91,14.68,12.75,13.56,1.44027,14.06,9.74,1796.78
70724,12.07,46.19,41.2,43.93,16.3,13.99,13.94,1.42982,13.08,4.19,1795.89
70725,12.44,47.75,42.98,45.94,15.34,13.27,13.58,1.4289,13.27,4.82,1796.47
70726,12.79,47.94,42.99,46,14.57,12.54,12.51,1.4298,14.27,7.51,1796.23
70727,13.1,49.01,43.24,46.28,15.37,13,12.88,1.43023,13.51,6.67,1796.05
70728,13.31,50.14,43.91,46.97,15.54,13.11,13.1,1.43012,13.49,5.63,1795.89
70729,13.67,50.89,45.08,47.61,15.19,13.52,13.45,1.42973,13.14,5.19,1796.12
70730,13.99,50.88,45.8,47.92,14.25,13.16,13.06,1.42958,13.86,6.17,1795.93
70736,15.39,51.67,47.41,50.87,14.4,13.68,14.07,1.40379,13.08,4.2,1796.13
70737,15.78,51.17,47.38,50.88,13.48,12.81,13.17,1.43091,14.44,7.36,1795.41
70739,16.6,50.17,46.94,50.08,12.33,12.17,12.31,1.43143,15.08,8.19,1796.23
70740,16.82,50.01,46.73,50.02,12.2,12.08,12.18,1.4307,15.2,8.25,1794.94
70741,17.1,50.11,47.01,50.3,13,12.79,13.04,1.4272,14.96,7.08,1794.65
70742,17.46,50.34,47.51,50.91,13.13,13.45,13.55,1.40216,13.96,4.62,1794.62
70743,17.64,50.64,48.01,51.65,12.88,13.54,13.42,1.42886,14.57,6.26,1795.45
70744,17.92,50.21,47.91,51.42,12.51,12.99,13.01,1.42959,15.16,7.51,1794.83
70770,15.71,49.78,47.73,52.43,14.08,14.11,14.72,1.34943,13.01,1.89,1794.94
70774,15.95,50.94,50.12,54.17,13.75,14.26,14.56,1.35232,13.03,2.64,1793.78
70775,16.06,50.99,50.79,55.37,13.83,14.56,14.75,1.41849,14.41,4.64,1794.29
70776,16.1,50.84,50.23,54.23,12.64,13.16,13.37,1.42931,15.61,7.14,1794.93
70777,16.14,50.81,50.5,54.32,13.11,13.85,13.82,1.35258,13.56,3.28,1792.63
70778,16.07,51.1,50.98,55.46,13.8,14.44,14.72,1.34058,13.26,2.5,1794.24
70792,15.32,51.71,52.71,55.91,14.03,14.88,14.76,1.34577,13.32,1.87,1794.39
70795,15.1,52.53,52.64,56.12,13.59,13.82,13.87,1.30068,13.12,2.41,1794.12
70797,15,52.88,53.07,56.31,13.79,14.65,14.59,1.4196,14.44,4.25,1794.83
70801,14.67,53,53.88,56.65,13.45,14.76,14.22,1.40123,14.01,4.39,1794.59
70898,11.44,19.55,17.93,22.49,12.73,13.28,15.37,1.42525,15.41,7.91,1797.53
70900,11.98,25.12,24.3,29.81,12.35,13.91,14.7,1.40121,14.2,5.89,1796.13
70902,12.48,30.37,30.28,35.95,13.69,14.64,15.66,1.41101,14.39,4.43,1796.94
70903,12.73,31.83,32.73,37.72,12.41,14.15,14.59,1.41889,15.45,7.38,1796.49
70904,12.91,33.53,33.99,39.45,12.49,13.6,14.26,1.35858,14.65,5.73,1796.82
70906,13.34,36.33,37.54,42.46,12.7,14.87,14.66,1.40699,15.14,6.24,1795.67
70907,13.39,37.15,39.68,43.88,12.66,14.2,14.35,1.42232,15.81,7.29,1796
70908,13.64,37.65,39.71,43.99,12.1,13.47,13.52,1.42719,15.17,7.81,1796.09
70909,13.66,39.13,40.85,45.38,12.85,14.45,14.34,1.41404,15.33,6.52,1795.44
71282,16.7,56.89,54.47,56.2,16.86,17.52,16.17,1.40686,13.04,0.06,1795.93
71486,28.18,52.15,50.24,56.26,14.27,14.64,15.14,1.14044,13.45,11.24,1605.99
71488,27.96,54.44,52.53,57.25,11.87,11.79,12.42,1.08684,14.31,20.93,1443.19
71489,27.62,54.86,52.3,57.32,12.47,12.29,13.02,1.20374,14.89,15.95,1571.4
73353,16.6,52.63,48.04,53.53,14.79,13.32,14.1,1.41707,13.87,4.94,1797.67
73354,17.05,52.58,47.85,53.06,13.52,12.44,13.17,1.43211,14.56,7.59,1796.59
73355,17.13,52.91,48.16,53.44,13.93,13.11,13.81,1.42819,14.03,5.51,1797
73356,17.34,53.15,49.7,54.1,14.39,14.22,14.64,1.42252,14.21,3.42,1797.22
73357,17.55,53.82,50.72,55.42,14.75,14.79,14.77,1.41755,14.28,2.94,1796.89
73358,17.58,53.71,50.39,54.7,13.43,12.85,13.22,1.43315,14.08,7.04,1797.3
73370,16.96,47.71,44.57,47.67,15.12,14.12,14.41,1.39062,13.48,1.43,1797
73373,17.3,50.8,47.41,51.76,14.72,14.08,14.43,1.36801,13.21,1,1797.11
73374,17.69,51.47,48.16,52.66,14.32,14.02,14.25,1.36058,13.35,2.38,1796.79
73375,17.7,51.9,48.73,53.17,14.32,14.23,14.29,1.39754,13.39,2.77,1797.52
73506,20.32,50.19,47.77,53.13,15.22,14.61,15.73,1.41681,13.14,3.35,1797.13
73507,20.3,50.88,48.17,53.91,14.79,14.27,15.33,1.36985,13.62,2.73,1796.69
73508,20.41,51.14,49.03,54.14,14.27,13.94,14.87,1.43142,14.36,5.17,1797.04
73509,20.49,51.2,49.92,54.54,13.42,14.04,14.27,1.42521,14.58,6.15,1796.85
73510,20.31,51.69,50.04,55.2,13.92,13.67,14.75,1.4306,14.37,5.5,1796.79
73511,20.3,52.07,49.96,55.42,13.07,12.75,13.78,1.43127,14.92,7.42,1796.44
73512,20.32,51.62,49.72,54.7,12.63,12.59,13.19,1.43034,15.28,6.95,1796.79
73513,20.52,52.78,50.51,55.95,14.14,14.74,15.03,1.38247,13.58,1.84,1796.87
73686,21.36,47.7,44.48,48.17,14.26,14.03,14.08,1.36155,13.29,0.17,1796.67
73814,26.24,52.88,50,54.84,12.85,12.77,13.35,1.37639,14.07,4.36,1795.84
73949,26.9,47.44,45.55,49.64,13.92,13.36,15.15,1.39651,15.35,6.16,1794.83
74521,27.93,42.38,37.49,41.13,10.13,8.52,9.05,0.64168,14.46,21.86,1236.87
74522,26.65,46.38,40.25,44.14,15.27,12.01,12.74,1.43049,15.65,7.69,1794.7
74523,25.12,49.48,42.87,46.75,15.47,12.43,12.89,1.43211,14.58,6.92,1795.37
74524,24.31,51.57,44.3,47.77,16.08,12.86,13.21,1.41872,13.94,5.03,1795.13
74526,23.99,52.95,46.28,49.67,14.97,12.49,12.63,1.40107,15.17,5.77,1797.01
74660,23.97,53.11,49.38,53.47,16.13,14.4,15.72,1.41382,13.36,3.21,1796.14
75943,31.53,44.78,39.69,43.84,15,12.22,13.08,1.4037,14.8,7,1744.96
76406,21.7,51.63,46.59,52.88,15.92,13.39,15.52,1.51059,14.55,3.81,1796.55
76407,21.69,54.09,47.72,54.5,15.72,13.66,15.25,1.50316,14.63,3.12,1796.26
76408,21.48,57.02,49.76,56.62,16.12,14.21,15.75,1.50574,13.4,2.44,1796.13
76409,21.39,58,50.76,57.4,15.28,13.63,14.86,1.51025,14.33,4.47,1796.98
76699,23.77,58.24,54.06,59.23,14.39,13.16,14.49,1.50385,15.46,6.37,1795.93
78382,36.21,61.08,55.1,59.72,13.56,11.45,12.85,1.1362,13.05,17.8,1437.28
81224,23.98,59.21,55.44,61.58,15.14,14.32,16.19,1.46377,13.07,2.08,1795.3
81225,24.27,60.08,55.92,63.1,15.35,14.23,16.2,1.50838,14.58,4.29,1796.19
81226,24.53,60.82,56.56,63.72,15.2,14.16,15.93,1.46556,13.71,1.95,1796.07
81228,24.7,61.8,57.22,64.15,14.92,14.07,15.69,1.44482,13.38,0.33,1796.67
81229,24.74,62.35,57.4,64.45,15.05,13.96,15.67,1.43723,13.53,1.01,1796.06
81230,24.88,62.96,57.66,64.9,15.12,14.01,15.97,1.46511,13.8,1.76,1795.74
81231,25.06,63.14,57.82,65.15,15.05,13.88,15.8,1.47283,14.04,1.43,1796.23
81232,25.1,63.04,57.89,64.96,14.19,13.38,14.83,1.40996,13.11,0.92,1796.07
81345,23.44,59.14,55.75,63.91,15.81,14.73,17.09,1.44991,13.27,1.97,1795.71
81346,23.08,59.13,56.11,64.02,14.84,14.05,15.57,1.38242,13.07,0.04,1796.75
87920,11.98,46.33,44.37,48.79,16.37,15.2,17.04,1.49491,13.48,3.55,1796.86
87921,11.91,47.48,45.96,50.08,15.07,13.82,14.99,1.44633,13.9,4.8,1796.58
87922,11.59,48.89,46.18,51.51,15.94,14.09,15.78,1.51009,14.37,5.66,1797.38
87923,11.41,50.56,46.87,52.95,16.13,14.31,15.6,1.50973,14.53,5.08,1796.24
87924,11.35,52.34,47.69,53.82,16.85,14.93,16.21,1.51004,14.19,3.44,1796.85
87925,11.32,52.95,47.9,53.96,14.97,13.57,14.44,1.51027,15.23,6.45,1797.54
87926,11.14,52.8,47.39,53.73,15.08,13.09,14.34,1.51048,15.26,7.49,1796.83
87927,11.06,53.55,47.98,54.25,15.61,13.77,15.03,1.51028,14.49,6.08,1795.95
87928,10.93,54.91,48.71,55.3,16.5,14.64,15.75,1.50921,13.74,4.57,1797.27
87929,10.9,56.45,49.27,56,15.53,13.59,15.04,1.50975,14.22,5.89,1795.3
87931,11.23,57.02,50.36,56.49,15.61,14.49,15.22,1.49581,14.26,3.7,1796.17
87932,11.05,57.79,51.3,57.18,16.6,15.33,16.1,1.49282,13.1,1.94,1795.96
87951,11.48,50.45,47.56,53.41,15.1,14.37,16.04,1.47214,13.04,2.42,1796.23
87956,12.05,50.98,48.4,54.77,14.97,14.5,15.99,1.49649,13.13,3.21,1796.36
87957,12.25,51.63,48.79,56.01,14.9,14.65,16.14,1.51046,13.91,3.81,1796.15
87958,12.62,51.59,50.04,56.01,14.47,14.5,15.32,1.43302,13.19,1.27,1796.89
87959,12.87,51.74,50.55,56.15,14.66,14.94,15.53,1.41481,13.2,0.21,1796.69
87967,13.55,50.61,48.03,54.34,14.02,13.56,14.79,1.49613,13.58,3.71,1796.93
87968,13.99,50.72,48.41,55.07,13.96,13.94,15.02,1.51046,13.96,4.41,1796.37
92362,5.01,49.39,49.58,53.03,14.15,14.76,14.78,1.50973,13.09,6.98,1796.22
92375,5.21,50.27,49.57,53.61,14.68,14.92,14.99,1.48587,13.26,5.48,1797.02
96078,-7.04,16.33,15.51,19.59,13.13,13.87,14.04,1.51045,13.05,8.32,1797.26
96079,-6.91,17.46,17.58,20.62,12.8,14.38,13.81,1.5103,13.48,8.92,1796.88
96080,-6.9,19.32,19.9,22.54,13.17,15.18,14.27,1.50981,13.28,7.98,1796.73
96081,-6.82,20.07,21.47,23.88,12.54,14.64,13.71,1.51019,13.85,9.3,1797.18
96082,-6.76,20.99,23.44,25.58,12.93,15.11,14.16,1.51009,13.09,7.91,1797.16
96085,-6.43,25,29.06,30,13.26,15.83,14.81,1.50358,13.07,7.13,1796.42
96086,-6.3,25.81,29.63,30.42,12.41,14.99,13.85,1.50992,13.22,8.46,1796.72
96087,-6.13,25.99,29.71,30.57,11.9,14.22,13.25,1.51021,13.51,9.17,1797.01
98420,3.9,29.21,29.32,30.93,12.43,13.79,13.03,1.51005,14.86,10.33,1797.47
98421,3.88,29.69,29.9,31.88,12.25,13.77,13.09,1.51027,15.25,10.68,1796.95
98422,3.77,30,30.79,33.01,12.21,13.66,13.31,1.51027,15.26,11.04,1796.81
98423,3.65,30.07,30.98,33.6,11.61,13.22,13.05,1.51031,14.86,11.63,1796.89
98424,3.58,30.57,32.15,34.45,11.98,13.74,13.42,1.51092,13.29,9.14,1796.89
98465,-4.23,4.06,2.75,6.21,9.17,9.9,10.36,0.83814,13.37,14.46,1796.44
98466,-3.94,6.75,5.81,9.22,10.71,11.96,11.93,1.51164,15.59,14.68,1795.28
98467,-4.1,9.5,9.13,11.89,11.24,12.77,12.42,1.51035,14.2,12.86,1796.04
98468,-4.06,12.43,12.67,15.57,12.8,14.37,13.82,1.51017,13.14,9.14,1796.47
99989,-13.87,20.98,20.53,24.01,12.71,12.87,12.98,1.50992,13.28,10.18,1797.41
99990,-13.59,20.66,20.12,23.86,12.05,12.41,12.64,1.50947,13.86,11.29,1796.88
99992,-13.43,21,21.84,25.16,12.86,14.03,13.72,1.51019,13.21,8.81,1797.29
99994,-13.22,20.83,22.56,25.13,11.88,13.42,13.09,1.51037,13.46,10,1796.84
103009,-13.78,21.74,23.03,26.7,13.4,14.58,14.76,1.51011,14.02,9.95,1797.09
103011,-13.32,23.02,25.43,28.31,13.95,15.67,15.16,1.50996,13.28,8.08,1797.23
103012,-13.08,23.69,26.56,29.19,15.04,16.56,16.02,1.51039,13.1,6.42,1796.92
103014,-12.82,24.51,28.27,30.09,13.32,15.01,14.79,1.51092,14.38,10.22,1797.43
103016,-12.38,26.12,29.77,31.13,14.28,15.92,15.16,1.51007,13.15,7.82,1797.51
103017,-12.15,25.69,29,30.55,12.71,14.36,13.79,1.51025,14.5,11.07,1797.02
103018,-11.92,24.36,27.92,30,11.69,13.34,12.88,1.51036,14.94,12.6,1796.96
103019,-11.69,23.58,26.86,29.17,10.97,12.84,12.09,1.51018,15.81,14.59,1797.23
104391,-13.03,21.37,18.86,21.21,16.13,14.24,14.83,1.50974,13.61,5.53,1797.43
106687,-9.23,27.97,27.79,30.41,15.87,16.19,16.62,1.51103,13.47,2.99,1797.21
106688,-8.99,29,27.98,30.98,15.5,15.31,15.92,1.51042,13.83,4.7,1797.15
106689,-8.79,29.81,28.96,32.64,16.13,15.79,16.78,1.50979,13.29,3.42,1797.19
107760,1.82,33.72,34.03,40.57,14.44,14.51,18.09,1.51022,13.88,5.65,1797.33
107761,1.99,35.72,36.37,43.17,15.68,16.43,18.65,1.51025,13.8,5.26,1796.53
107796,3.7,32.57,33.22,35.48,15.62,15.49,15.42,1.42762,14,2.59,1796.29
107798,3.71,36.97,37.12,38.68,17.16,17.49,16.56,1.4949,13.63,2.4,1796.42
108263,-8.79,34.83,32.93,36.03,16.93,16.58,16.67,1.51174,13.88,2.96,1797.61
109525,-2.39,0.72,-1.71,2.15,11.03,9.5,11.54,0.80082,13.9,10.39,1796.92
111325,2.28,34.04,36,35.18,14.31,15.1,14.84,1.51037,15.98,6.47,1797.44
111326,2.5,36.62,38.12,37.66,16.71,17.42,17.04,1.51024,14.39,4.44,1796.61
111327,2.44,39.67,41.54,41.13,18.42,18.64,17.97,1.50185,13.24,1.31,1796.89
111807,-4.17,27.46,24.95,29.26,16.35,16.3,16.6,1.4764,13.24,2.18,1796.42
111808,-3.92,29.4,26.89,30.75,15.61,15.59,15.68,1.49111,14.49,4.38,1796.97
111809,-3.75,29.92,27.06,31.03,13.54,13.69,13.79,1.26143,14.54,8.99,1757.55
112974,19.28,36.12,35.74,38.97,15.8,15.79,16.29,1.50628,14.1,1.7,1797.27
115082,8.06,40.33,40.83,43.78,14.01,14.76,15.66,1.4851,13.23,6.44,1795.33
115085,8.11,42.89,42.69,46.82,11.95,12.27,13.12,1.51034,14.25,11.05,1796.13
115086,7.78,42.99,42.69,46.97,13.09,13.07,14.07,1.51045,13.6,8.61,1796.18
115087,7.6,43.1,43.18,47.25,12.88,13.75,14.15,1.51006,14.09,7.3,1796.4
115089,6.7,41.43,43.08,46.73,11.01,13.2,12.45,1.51009,14.8,11.31,1796.5
115090,6.33,41.07,43.29,46.27,10.88,13.2,12.27,1.51042,14.56,11.34,1796.99
115097,4.6,38.14,40.31,43.67,9.84,10.78,11.18,1.47302,15.8,15.52,1794.96
115102,2.36,37.81,39.22,42.93,10.65,11.68,12.07,1.39612,14.43,12.89,1795.75
115103,2.03,38.58,40.49,43.72,11.95,13.23,13.14,1.35502,13.16,9.85,1795.33
115104,1.96,38.12,40.13,43.45,10.56,11.83,11.76,1.27723,14.8,12.66,1795.44
115107,1.83,37.31,40.1,42.87,10.87,13.19,12.4,1.27855,14.05,11.28,1796.34
117285,11.04,47.11,44,48.96,13.36,12.94,13.76,1.51025,13.48,8.8,1796.16
117286,10.59,46.97,44.44,49.22,12.9,13.79,14.13,1.51045,15.11,9.31,1796.97
117287,9.95,46.31,44.81,48.26,12.01,13.63,13.24,1.50985,15.65,11.35,1795.88
117288,9.02,46.08,46.14,48.8,12.98,14.94,14.37,1.51038,14.64,8.86,1795.76
117392,-1.95,9.27,6.95,11.33,10.49,10.46,11.53,1.06049,14.36,12.22,1796.49
117393,-1.91,12.4,11.13,15.7,13.15,13.79,14.35,1.51104,13.06,7.91,1795.99
117394,-1.87,15.66,14.88,19.21,13.12,14.09,14.21,1.50209,13.14,7.36,1796.12
117395,-1.71,18.17,18.01,21.6,13.03,14.07,14.23,1.50977,13.02,8.73,1795.73
117396,-1.52,20.06,20.05,24,12.75,13.92,14.01,1.5099,13.76,8.11,1797
117397,-1.29,21.49,22.44,26.1,12.59,13.97,13.78,1.51066,14.21,8.81,1795.85
117398,-1.14,23.17,23.84,27.39,12.22,13.92,13.62,1.51032,13.95,9.15,1796.35
117399,-0.95,24.48,26.1,29.7,12.92,14.39,14.51,1.50955,13.27,8.13,1795.85
117400,-0.71,26,27.05,30.66,11.49,13.44,13.12,1.51023,16,11.63,1796.67
117401,-0.58,26.94,29.35,32.41,12.74,14.74,14.58,1.51017,14.04,8.15,1796.55
117402,-0.42,28.4,30.7,33.75,12.32,14.74,14.24,1.51044,13.75,9.51,1795.86
117403,-0.26,28.87,30.84,33.9,11.33,13.33,12.85,1.51054,14.42,11.42,1795.97
117404,0.01,29.42,31.52,35.03,11.9,13.62,13.33,1.50995,13.57,9.97,1796.23
117405,0.06,29.67,31.59,34.87,10.81,12.62,12.15,1.51055,14.85,13.17,1796.2
117406,0.4,29.98,32.55,35.91,11.2,12.83,12.94,1.51028,15.39,12.47,1795.16
117407,0.54,30,32.54,35.96,10.98,12.56,12.46,1.51125,14.65,12.44,1795.87
117408,0.7,30.52,33.31,36.53,11.79,13.24,13.21,1.51038,14.9,10.05,1796.23
117409,0.87,30.97,34.06,37.04,12.08,14.1,13.81,1.51058,14.7,9.85,1795.98
117410,0.95,31.27,35.78,37.67,11.59,14.2,13.3,1.51035,14.42,10.93,1795.78
117411,0.96,31.28,35.75,37.61,11.45,13.58,13.19,1.5102,15.19,11.5,1794.97
117412,1.22,31.8,35.88,37.91,11.09,13.26,12.95,1.51016,15.99,12.43,1796.24
117414,1.44,31.82,36.62,37.98,11.13,14.09,13.23,1.51026,15.68,11.81,1796.18
117415,1.48,32.74,37,38.3,11.45,14.12,13.43,1.50992,15.06,11.17,1796.03
117416,1.5,32.99,37.07,38.76,11.47,13.71,13.21,1.50996,15.03,11.25,1796.17
117417,1.47,33.12,37.48,39.7,12.1,14.41,13.87,1.5093,14.26,9.77,1795.81
117418,1.5,33.47,37.76,40.05,12.02,13.72,13.7,1.51052,13.72,9.34,1796.39
117420,1.47,34.01,38,40.83,11.9,13.93,13.41,1.51011,14.34,9.38,1796.22
117422,1.74,34.37,39.92,41.02,12.02,14.9,13.63,1.51015,14.42,10.14,1796.02
117423,1.8,34.26,39.95,41.01,11.64,13.95,13.35,1.5102,14.39,10.75,1795.51
117424,1.76,34.19,39.33,40.95,11.34,13.26,12.86,1.51055,14.05,10.64,1796.88
117425,1.85,34.67,39.67,41.03,12.08,14.11,13.65,1.51041,13.22,9.71,1796.19
117428,1.99,36.01,40.13,42.4,12.62,14.53,14.26,1.51061,13.53,8.72,1795.54
117429,2.29,36.1,40.31,42.83,12.54,14.61,14,1.51015,14.03,8.8,1796.1
117430,2.5,36.15,40.9,42.88,12.01,14.65,13.49,1.51094,14.32,9.58,1796.5
117431,2.6,36.34,41.21,43.03,12.75,15.23,14.54,1.51037,14.21,8.34,1795.76
117432,2.7,36.12,40.76,42.9,11.44,13.57,13.09,1.50987,15.65,11.24,1796.48
117433,2.67,36,40.53,42.75,11.19,13.36,13.05,1.51073,14.79,11.72,1796.21
117434,2.38,35.82,39.98,41.24,10.81,13.21,12.41,1.51031,15.04,12.95,1795.52
117436,2.04,35.97,39.93,41.63,11.06,12.85,12.55,1.51054,14.32,12.07,1796.16
117437,1.89,36,40.04,42.04,12.02,13.92,13.67,1.50988,13.21,9.78,1796.24
117438,1.89,36.02,40.02,42.4,12.14,13.74,13.47,1.51073,13.57,9.72,1795.75
117439,1.96,36.13,40.18,42.69,12.11,14.11,13.56,1.50955,13.53,9.28,1796.46
117441,1.96,36.78,40.99,43.09,12.34,14.44,13.9,1.5098,13.08,9.09,1796.36
117442,1.93,36.53,40.77,42.82,12.11,14.39,13.44,1.51121,13.27,9.76,1795.69
117443,1.9,36.35,40.62,42.4,11.45,13.47,12.64,1.50991,13.73,12.01,1795.54
117444,1.91,36.14,40.18,41.62,11.44,13.21,12.57,1.51017,14.56,11.94,1796.09
117445,2.13,36.6,40.65,42.5,12.89,14.75,14.15,1.5106,13.71,8.11,1796.13
117446,2.26,36.93,41.11,42.98,12.45,14.79,13.93,1.5096,13.89,8.48,1795.97
117447,2.14,36.9,41.26,42.99,12.06,14.33,13.44,1.51012,13.71,9.61,1796.35
117448,2.04,36.94,41.12,42.98,12.36,14.53,13.7,1.50985,13.31,9.62,1795.75
117453,1.8,39.57,44.54,45.36,14.11,16.45,15.14,1.5101,13.35,6.04,1796.05
118430,25.13,44.64,42.01,45.5,12.44,12.28,12.38,1.31001,13.8,3.29,1795.4
118433,25.92,47.32,45.66,48.62,12.92,12.89,13.04,1.35533,13.61,3.65,1789.06
118435,25.99,45.65,42.26,46.39,6.99,6.72,7.09,0.23534,13.27,12.82,1795.78
118436,25.92,44.16,41,45.86,7.51,6.86,7.47,0.23498,14.4,13.41,1795.86
118437,26.09,44,40.91,45.14,7.75,6.98,7.61,0.2348,13.57,12.96,1796.06
118440,26.19,44,40.71,44.4,8.68,7.55,8.16,0.23529,13.08,11.94,1795.98
118450,25.73,45.98,42.02,45.62,8.17,7.81,7.43,0.23192,13.79,13.78,1796.15
118451,25.42,45.8,41.4,44.89,7.8,7.71,7.27,0.23217,14.48,15.06,1795.92
118452,25.09,45.45,41.55,44.81,7.88,7.98,7.63,0.23195,13.89,14.25,1795.57
122467,25.28,35.94,31.67,35.99,14.94,13.37,14.03,1.44886,14.1,2.85,1796.08
122469,25.27,41.67,37.05,41.59,14.57,13.63,14.45,1.42297,13.12,1.53,1796.36
122470,25.23,43.74,39.31,43.99,14.22,13.16,14.13,1.45781,13.49,3.68,1795.73
122471,25.22,45.57,40.57,46.06,14.03,13.11,14.02,1.4574,13.88,3.09,1795.87
122472,25.2,47.09,43.14,47.74,14.42,14.04,14.66,1.4701,13.66,3.08,1795.8
122473,25.26,48.85,45.57,50.16,14.52,14.33,14.94,1.50595,14.7,4.12,1795.42
122474,25.22,50.11,46.73,51.61,13.78,13.47,14.16,1.50744,14.93,5.99,1795.69
122484,24.06,52.62,51.83,54.9,14.18,15.45,14.91,1.47479,13.53,4.15,1795.31
122485,23.61,53.92,53.81,56.53,13.54,15.13,14.45,1.50541,14.06,6.51,1794.55
130110,26.55,44.61,41.45,45.08,14.21,13.38,13.8,1.37271,13.31,2.4,1791.27
133800,22.23,33.21,30.94,35.41,12.93,13.08,13.45,1.41673,13.61,2.18,1795.98
134552,26.43,48.76,46.41,49.27,14.89,14.38,14.24,1.23578,13.94,3.55,1677.26
137855,16.47,50.22,48.07,52.5,14.7,14.47,14.95,1.48155,13.59,3.26,1795.81
140491,19.43,44.51,40.79,46.35,14.74,13.82,15.01,1.46366,13.77,1.32,1797.02
140492,19.58,46.53,43.01,48.42,14.87,14.48,15.61,1.49822,14.29,1.93,1796.07
140493,19.7,47.29,45.02,50.1,14.57,13.74,15,1.40192,13.26,0.52,1796.13
140494,19.75,48.13,46.13,51.1,14.79,14.03,15.46,1.42211,13.11,0.46,1796.5
140495,19.87,49.96,47.48,53.18,14.96,14.47,15.6,1.44309,13.4,0.27,1796.66
141136,14.25,43.4,40.22,44.58,15.62,14.63,15.94,1.48805,13.7,1.8,1796.82
